{
  "text": "こんな感じで",
  "segments": [
    {
      "id": 0,
      "seek": 0,
      "start": 0.0,
      "end": 2.0,
      "text": "こんな感じで",
      "tokens": [
        50364,
        37671,
        25359,
        2474,
        50464
      ],
      "temperature": 0.0,
      "avg_logprob": -0.5977136294047037,
      "compression_ratio": 0.6666666666666666,
      "no_speech_prob": 0.6968159675598145
    }
  ],
  "language": "ja"
}