{
  "text": "手作りの中にいろいろと",
  "segments": [
    {
      "id": 0,
      "seek": 0,
      "start": 0.0,
      "end": 2.0,
      "text": "手作りの中にいろいろと",
      "tokens": [
        50364,
        11389,
        11914,
        5095,
        2972,
        5975,
        4108,
        1764,
        12488,
        1764,
        12488,
        3193,
        50464
      ],
      "temperature": 0.0,
      "avg_logprob": -0.42844629287719727,
      "compression_ratio": 0.9166666666666666,
      "no_speech_prob": 0.1842138022184372
    }
  ],
  "language": "ja"
}