{
  "text": "目指すべき高校ではないのか、FDを取り入れるのが本当に分かったかなというSARSっていう繰り自体がかなり、かなりでかいですか確かにそもそも、ちょっとすみません、集合をSARSに変えたとしてSARSから変えたとしてですねどの企業であっても、アメリカで流行ってるかといって、FDをそのまま入れていくというなかなりにはならないとどの会社にもFDって送られができるという形にならないと思うそもそも、SMBしたりとか、あとはC向けのサービスとかであればいらないそうですね、FDってわかるはいらないでしょうねで、言えるとしても、要素が必要なという話ですのでありがとうございました",
  "segments": [
    {
      "id": 0,
      "seek": 0,
      "start": 0.0,
      "end": 5.0,
      "text": "目指すべき高校ではないのか、FDを取り入れるのが本当に分かったかなという",
      "tokens": [
        50364,
        11386,
        25922,
        2659,
        28043,
        7016,
        12979,
        49684,
        16719,
        9311,
        2972,
        3703,
        1231,
        37,
        35,
        5998,
        29436,
        5095,
        14028,
        35367,
        2972,
        5142,
        37505,
        4108,
        6627,
        25785,
        24939,
        15300,
        50614
      ],
      "temperature": 0.0,
      "avg_logprob": -0.3626454993139339,
      "compression_ratio": 1.804054054054054,
      "no_speech_prob": 0.41788068413734436
    },
    {
      "id": 1,
      "seek": 0,
      "start": 5.0,
      "end": 9.0,
      "text": "SARSっていう繰り自体がかなり、かなりでかいですか",
      "tokens": [
        50614,
        50,
        31343,
        46896,
        23141,
        108,
        5095,
        9722,
        29485,
        5142,
        24939,
        5095,
        1231,
        24939,
        5095,
        2474,
        3703,
        1764,
        30913,
        50814
      ],
      "temperature": 0.0,
      "avg_logprob": -0.3626454993139339,
      "compression_ratio": 1.804054054054054,
      "no_speech_prob": 0.41788068413734436
    },
    {
      "id": 2,
      "seek": 0,
      "start": 9.0,
      "end": 10.0,
      "text": "確かに",
      "tokens": [
        50814,
        24293,
        3703,
        4108,
        50864
      ],
      "temperature": 0.0,
      "avg_logprob": -0.3626454993139339,
      "compression_ratio": 1.804054054054054,
      "no_speech_prob": 0.41788068413734436
    },
    {
      "id": 3,
      "seek": 0,
      "start": 11.0,
      "end": 15.0,
      "text": "そもそも、ちょっとすみません、集合をSARSに変えたとして",
      "tokens": [
        50914,
        5040,
        4801,
        5040,
        4801,
        1231,
        21888,
        2659,
        11362,
        30250,
        1231,
        26020,
        14245,
        5998,
        50,
        31343,
        4108,
        40931,
        6474,
        3368,
        3193,
        8822,
        51114
      ],
      "temperature": 0.0,
      "avg_logprob": -0.3626454993139339,
      "compression_ratio": 1.804054054054054,
      "no_speech_prob": 0.41788068413734436
    },
    {
      "id": 4,
      "seek": 0,
      "start": 15.0,
      "end": 17.0,
      "text": "SARSから変えたとしてですね",
      "tokens": [
        51114,
        50,
        31343,
        11046,
        40931,
        6474,
        3368,
        3193,
        8822,
        14277,
        51214
      ],
      "temperature": 0.0,
      "avg_logprob": -0.3626454993139339,
      "compression_ratio": 1.804054054054054,
      "no_speech_prob": 0.41788068413734436
    },
    {
      "id": 5,
      "seek": 0,
      "start": 17.0,
      "end": 24.0,
      "text": "どの企業であっても、アメリカで流行ってるかといって、FDをそのまま入れていくというなかなりには",
      "tokens": [
        51214,
        7594,
        2972,
        7384,
        223,
        27119,
        2474,
        3590,
        6102,
        4801,
        1231,
        12817,
        21647,
        12376,
        10111,
        2474,
        27854,
        8082,
        45350,
        3703,
        3193,
        1764,
        6102,
        1231,
        37,
        35,
        5998,
        20564,
        2889,
        2889,
        14028,
        26638,
        49394,
        15300,
        3203,
        24939,
        5095,
        34779,
        51564
      ],
      "temperature": 0.0,
      "avg_logprob": -0.3626454993139339,
      "compression_ratio": 1.804054054054054,
      "no_speech_prob": 0.41788068413734436
    },
    {
      "id": 6,
      "seek": 0,
      "start": 24.0,
      "end": 25.0,
      "text": "ならないと",
      "tokens": [
        51564,
        42540,
        9311,
        3193,
        51614
      ],
      "temperature": 0.0,
      "avg_logprob": -0.3626454993139339,
      "compression_ratio": 1.804054054054054,
      "no_speech_prob": 0.41788068413734436
    },
    {
      "id": 7,
      "seek": 0,
      "start": 25.0,
      "end": 29.0,
      "text": "どの会社にもFDって送られができるという形にならないと思う",
      "tokens": [
        51614,
        7594,
        2972,
        12949,
        27658,
        4108,
        4801,
        37,
        35,
        6102,
        29309,
        5154,
        4132,
        5142,
        43200,
        4895,
        15300,
        30900,
        22615,
        5154,
        9311,
        22372,
        2646,
        51814
      ],
      "temperature": 0.0,
      "avg_logprob": -0.3626454993139339,
      "compression_ratio": 1.804054054054054,
      "no_speech_prob": 0.41788068413734436
    },
    {
      "id": 8,
      "seek": 2900,
      "start": 30.0,
      "end": 36.0,
      "text": "そもそも、SMBしたりとか、あとはC向けのサービスとかであればいらない",
      "tokens": [
        50414,
        5040,
        4801,
        5040,
        4801,
        1231,
        50,
        47554,
        8533,
        5095,
        30607,
        1231,
        37015,
        3065,
        34,
        24282,
        7625,
        2972,
        23607,
        15266,
        241,
        9550,
        30607,
        2474,
        30659,
        13349,
        1764,
        5154,
        9311,
        50714
      ],
      "temperature": 0.0,
      "avg_logprob": -0.35099124908447266,
      "compression_ratio": 1.5344827586206897,
      "no_speech_prob": 0.01716732047498226
    },
    {
      "id": 9,
      "seek": 2900,
      "start": 36.0,
      "end": 40.0,
      "text": "そうですね、FDってわかるはいらないでしょうね",
      "tokens": [
        50714,
        46210,
        1231,
        37,
        35,
        6102,
        44054,
        4895,
        11050,
        5154,
        9311,
        38711,
        5555,
        50914
      ],
      "temperature": 0.0,
      "avg_logprob": -0.35099124908447266,
      "compression_ratio": 1.5344827586206897,
      "no_speech_prob": 0.01716732047498226
    },
    {
      "id": 10,
      "seek": 2900,
      "start": 41.0,
      "end": 45.0,
      "text": "で、言えるとしても、要素が必要なという話ですので",
      "tokens": [
        50964,
        2474,
        1231,
        12009,
        44547,
        3193,
        8822,
        4801,
        1231,
        4275,
        37204,
        5142,
        28531,
        4275,
        3203,
        15300,
        11103,
        4767,
        23072,
        51164
      ],
      "temperature": 0.0,
      "avg_logprob": -0.35099124908447266,
      "compression_ratio": 1.5344827586206897,
      "no_speech_prob": 0.01716732047498226
    },
    {
      "id": 11,
      "seek": 2900,
      "start": 46.0,
      "end": 48.0,
      "text": "ありがとうございました",
      "tokens": [
        51214,
        38538,
        51314
      ],
      "temperature": 0.0,
      "avg_logprob": -0.35099124908447266,
      "compression_ratio": 1.5344827586206897,
      "no_speech_prob": 0.01716732047498226
    }
  ],
  "language": "ja"
}