{
  "text": "特に特殊な説明とかがなくてもそのエブジョーで操作していくと自然と使えるみたいなUXがいいみたいな言い方されたりするんですけどそういうデリバリーの仕方からこそより多くの人に連携に使ってもらえるっていうデリバリーの仕方なわけなんですけどFDG化的しているプロダクトの場合は複雑性は高える高いんですけどFDGっていう人が存在することによって複雑性の高いプロダクトを実際の企画家にミートさせる形にセミオーダー的な形で当てているというところが特徴なんですよねなのでFDGの存在するものがプロダクトの一部になっているというのがそのFDGが必要なプロダクトということなのかなと思います確かにそうですよね強いプロダクトであれば絶対FDGが",
  "segments": [
    {
      "id": 0,
      "seek": 0,
      "start": 0.0,
      "end": 3.0,
      "text": "特に特殊な説明とかがなくても",
      "tokens": [
        50364,
        17682,
        4108,
        17682,
        15976,
        232,
        3203,
        3549,
        105,
        11100,
        30607,
        5142,
        40252,
        2996,
        4801,
        50514
      ],
      "temperature": 0.0,
      "avg_logprob": -0.1867544834430401,
      "compression_ratio": 1.7137809187279152,
      "no_speech_prob": 0.22634288668632507
    },
    {
      "id": 1,
      "seek": 0,
      "start": 3.0,
      "end": 8.0,
      "text": "そのエブジョーで操作していくと自然と使えるみたいな",
      "tokens": [
        50514,
        20564,
        26215,
        28889,
        14655,
        28579,
        3384,
        2474,
        13167,
        235,
        11914,
        8822,
        49394,
        3193,
        9722,
        5823,
        3193,
        22982,
        44547,
        41258,
        3203,
        50764
      ],
      "temperature": 0.0,
      "avg_logprob": -0.1867544834430401,
      "compression_ratio": 1.7137809187279152,
      "no_speech_prob": 0.22634288668632507
    },
    {
      "id": 2,
      "seek": 0,
      "start": 8.0,
      "end": 11.0,
      "text": "UXがいいみたいな言い方されたりするんですけど",
      "tokens": [
        50764,
        52,
        55,
        5142,
        13806,
        41258,
        3203,
        12009,
        1764,
        9249,
        6722,
        35478,
        5095,
        22570,
        27113,
        21891,
        50914
      ],
      "temperature": 0.0,
      "avg_logprob": -0.1867544834430401,
      "compression_ratio": 1.7137809187279152,
      "no_speech_prob": 0.22634288668632507
    },
    {
      "id": 3,
      "seek": 0,
      "start": 11.0,
      "end": 13.0,
      "text": "そういうデリバリーの仕方からこそ",
      "tokens": [
        50914,
        9955,
        9444,
        31327,
        12376,
        18593,
        12376,
        3384,
        2972,
        1550,
        243,
        9249,
        11046,
        3503,
        5040,
        51014
      ],
      "temperature": 0.0,
      "avg_logprob": -0.1867544834430401,
      "compression_ratio": 1.7137809187279152,
      "no_speech_prob": 0.22634288668632507
    },
    {
      "id": 4,
      "seek": 0,
      "start": 13.0,
      "end": 17.0,
      "text": "より多くの人に連携に使ってもらえるっていう",
      "tokens": [
        51014,
        5591,
        5095,
        6392,
        6134,
        2972,
        4035,
        4108,
        36252,
        22220,
        118,
        4108,
        22982,
        6102,
        4801,
        5154,
        44547,
        46896,
        51214
      ],
      "temperature": 0.0,
      "avg_logprob": -0.1867544834430401,
      "compression_ratio": 1.7137809187279152,
      "no_speech_prob": 0.22634288668632507
    },
    {
      "id": 5,
      "seek": 0,
      "start": 17.0,
      "end": 19.0,
      "text": "デリバリーの仕方なわけなんですけど",
      "tokens": [
        51214,
        31327,
        12376,
        18593,
        12376,
        3384,
        2972,
        1550,
        243,
        9249,
        3203,
        9206,
        7625,
        42255,
        21891,
        51314
      ],
      "temperature": 0.0,
      "avg_logprob": -0.1867544834430401,
      "compression_ratio": 1.7137809187279152,
      "no_speech_prob": 0.22634288668632507
    },
    {
      "id": 6,
      "seek": 0,
      "start": 19.0,
      "end": 22.0,
      "text": "FDG化的しているプロダクトの場合は",
      "tokens": [
        51314,
        37,
        35,
        38,
        23756,
        1546,
        8822,
        22979,
        20953,
        17164,
        28651,
        10825,
        7588,
        2972,
        21446,
        14245,
        3065,
        51464
      ],
      "temperature": 0.0,
      "avg_logprob": -0.1867544834430401,
      "compression_ratio": 1.7137809187279152,
      "no_speech_prob": 0.22634288668632507
    },
    {
      "id": 7,
      "seek": 0,
      "start": 22.0,
      "end": 24.0,
      "text": "複雑性は高える高いんですけど",
      "tokens": [
        51464,
        164,
        97,
        229,
        6306,
        239,
        21686,
        3065,
        12979,
        44547,
        12979,
        1764,
        27113,
        21891,
        51564
      ],
      "temperature": 0.0,
      "avg_logprob": -0.1867544834430401,
      "compression_ratio": 1.7137809187279152,
      "no_speech_prob": 0.22634288668632507
    },
    {
      "id": 8,
      "seek": 0,
      "start": 24.0,
      "end": 27.0,
      "text": "FDGっていう人が存在することによって",
      "tokens": [
        51564,
        37,
        35,
        38,
        46896,
        4035,
        5142,
        39781,
        3581,
        22570,
        13235,
        4108,
        5591,
        6102,
        51714
      ],
      "temperature": 0.0,
      "avg_logprob": -0.1867544834430401,
      "compression_ratio": 1.7137809187279152,
      "no_speech_prob": 0.22634288668632507
    },
    {
      "id": 9,
      "seek": 2700,
      "start": 27.0,
      "end": 31.0,
      "text": "複雑性の高いプロダクトを実際の企画家に",
      "tokens": [
        50364,
        164,
        97,
        229,
        6306,
        239,
        21686,
        2972,
        12979,
        1764,
        20953,
        17164,
        28651,
        10825,
        7588,
        5998,
        33197,
        34837,
        2972,
        7384,
        223,
        27126,
        5155,
        4108,
        50564
      ],
      "temperature": 0.0,
      "avg_logprob": -0.13306124070111444,
      "compression_ratio": 1.7178423236514522,
      "no_speech_prob": 0.05691618099808693
    },
    {
      "id": 10,
      "seek": 2700,
      "start": 31.0,
      "end": 34.0,
      "text": "ミートさせる形にセミオーダー的な形で",
      "tokens": [
        50564,
        23196,
        38551,
        6722,
        13702,
        4895,
        30900,
        4108,
        31223,
        23196,
        18743,
        15266,
        222,
        3384,
        1546,
        3203,
        30900,
        2474,
        50714
      ],
      "temperature": 0.0,
      "avg_logprob": -0.13306124070111444,
      "compression_ratio": 1.7178423236514522,
      "no_speech_prob": 0.05691618099808693
    },
    {
      "id": 11,
      "seek": 2700,
      "start": 34.0,
      "end": 38.0,
      "text": "当てているというところが特徴なんですよね",
      "tokens": [
        50714,
        16233,
        2996,
        2996,
        22979,
        15300,
        46001,
        5142,
        17682,
        2172,
        112,
        42255,
        30346,
        50914
      ],
      "temperature": 0.0,
      "avg_logprob": -0.13306124070111444,
      "compression_ratio": 1.7178423236514522,
      "no_speech_prob": 0.05691618099808693
    },
    {
      "id": 12,
      "seek": 2700,
      "start": 38.0,
      "end": 41.0,
      "text": "なのでFDGの存在するものが",
      "tokens": [
        50914,
        47275,
        37,
        35,
        38,
        2972,
        39781,
        3581,
        22570,
        44726,
        5142,
        51064
      ],
      "temperature": 0.0,
      "avg_logprob": -0.13306124070111444,
      "compression_ratio": 1.7178423236514522,
      "no_speech_prob": 0.05691618099808693
    },
    {
      "id": 13,
      "seek": 2700,
      "start": 41.0,
      "end": 45.0,
      "text": "プロダクトの一部になっているというのが",
      "tokens": [
        51064,
        20953,
        17164,
        28651,
        10825,
        7588,
        2972,
        2257,
        13470,
        22615,
        6102,
        22979,
        15300,
        2972,
        5142,
        51264
      ],
      "temperature": 0.0,
      "avg_logprob": -0.13306124070111444,