{
  "text": "結構スーパーマン的なところかなっていうふうに思っているんですけどご自身としてのやつは感じますか?基本的にはもちろんコードを書いてエンジニアリングができるのはFDのエンジニアなんて当たり前だし顧客の要望もしっかりヒアリングしてそれを理解した上でしかもプロダクト持ってるっていうのが結構気持になってて顧客要望を全部聞いてたらさっきも言ったように先通りに先通りの機能とかプロダクトが生まれちゃったのでそこもある程度ちゃんと自社でプロダクト持ってるって利点を得るために調整していくというか修約していくみたいなことを求められるってことを考えると本当に何でもやれる仕事というか何でもやれなきゃいけない仕事という印象がありますよねすごいですね。アメリカではそのくらいのレベルの人が",
  "segments": [
    {
      "id": 0,
      "seek": 0,
      "start": 0.0,
      "end": 6.0,
      "text": "結構スーパーマン的なところかなっていうふうに思っているんですけど",
      "tokens": [
        50364,
        17144,
        43362,
        9550,
        15266,
        239,
        3384,
        13258,
        4824,
        1546,
        3203,
        46001,
        24939,
        46896,
        18100,
        2646,
        4108,
        8870,
        6102,
        22979,
        27113,
        21891,
        50664
      ],
      "temperature": 0.0,
      "avg_logprob": -0.19816489507687973,
      "compression_ratio": 1.68561872909699,
      "no_speech_prob": 0.2869105041027069
    },
    {
      "id": 1,
      "seek": 0,
      "start": 6.0,
      "end": 8.0,
      "text": "ご自身としてのやつは感じますか?",
      "tokens": [
        50664,
        9991,
        9722,
        19847,
        3193,
        8822,
        2972,
        7355,
        9335,
        3065,
        25359,
        5368,
        3703,
        30,
        50764
      ],
      "temperature": 0.0,
      "avg_logprob": -0.19816489507687973,
      "compression_ratio": 1.68561872909699,
      "no_speech_prob": 0.2869105041027069
    },
    {
      "id": 2,
      "seek": 0,
      "start": 8.0,
      "end": 13.0,
      "text": "基本的にはもちろんコードを書いてエンジニアリングができるのは",
      "tokens": [
        50764,
        37946,
        1546,
        34779,
        4801,
        6574,
        12488,
        3225,
        18066,
        44165,
        5998,
        29801,
        18549,
        26215,
        4824,
        14655,
        34737,
        12817,
        12376,
        43017,
        5142,
        43200,
        4895,
        35662,
        51014
      ],
      "temperature": 0.0,
      "avg_logprob": -0.19816489507687973,
      "compression_ratio": 1.68561872909699,
      "no_speech_prob": 0.2869105041027069
    },
    {
      "id": 3,
      "seek": 0,
      "start": 13.0,
      "end": 16.0,
      "text": "FDのエンジニアなんて当たり前だし",
      "tokens": [
        51014,
        37,
        35,
        2972,
        26215,
        4824,
        14655,
        34737,
        12817,
        11847,
        2996,
        16233,
        3368,
        5095,
        8945,
        5362,
        2849,
        51164
      ],
      "temperature": 0.0,
      "avg_logprob": -0.19816489507687973,
      "compression_ratio": 1.68561872909699,
      "no_speech_prob": 0.2869105041027069
    },
    {
      "id": 4,
      "seek": 0,
      "start": 16.0,
      "end": 20.0,
      "text": "顧客の要望もしっかりヒアリングしてそれを理解した上で",
      "tokens": [
        51164,
        10178,
        100,
        32316,
        2972,
        4275,
        22694,
        4801,
        2849,
        2970,
        3703,
        5095,
        46995,
        12817,
        12376,
        43017,
        8822,
        13873,
        5998,
        13876,
        17278,
        8533,
        5708,
        2474,
        51364
      ],
      "temperature": 0.0,
      "avg_logprob": -0.19816489507687973,
      "compression_ratio": 1.68561872909699,
      "no_speech_prob": 0.2869105041027069
    },
    {
      "id": 5,
      "seek": 0,
      "start": 20.0,
      "end": 25.0,
      "text": "しかもプロダクト持ってるっていうのが結構気持になってて",
      "tokens": [
        51364,
        32156,
        4801,
        20953,
        17164,
        28651,
        10825,
        7588,
        17694,
        45350,
        46896,
        2972,
        5142,
        17144,
        43362,
        25870,
        17694,
        22615,
        6102,
        2996,
        51614
      ],
      "temperature": 0.0,
      "avg_logprob": -0.19816489507687973,
      "compression_ratio": 1.68561872909699,
      "no_speech_prob": 0.2869105041027069
    },
    {
      "id": 6,
      "seek": 0,
      "start": 25.0,
      "end": 28.0,
      "text": "顧客要望を全部聞いてたらさっきも言ったように",
      "tokens": [
        51614,
        10178,
        100,
        32316,
        4275,
        22694,
        5998,
        38714,
        25468,
        18549,
        3368,
        5154,
        6722,
        2970,
        7016,
        4801,
        12009,
        10102,
        34483,
        51764
      ],
      "temperature": 0.0,
      "avg_logprob": -0.19816489507687973,
      "compression_ratio": 1.68561872909699,
      "no_speech_prob": 0.2869105041027069
    },
    {
      "id": 7,
      "seek": 2800,
      "start": 28.0,
      "end": 32.0,
      "text": "先通りに先通りの機能とかプロダクトが生まれちゃったので",
      "tokens": [
        50364,
        10108,
        19550,
        5095,
        4108,
        10108,
        19550,
        5095,
        2972,
        17543,
        8225,
        30607,
        20953,
        17164,
        28651,
        10825,
        7588,
        5142,
        8244,
        2889,
        4132,
        18930,
        10102,
        23072,
        50564
      ],
      "temperature": 0.0,
      "avg_logprob": -0.18455268745135545,
      "compression_ratio": 1.7526881720430108,
      "no_speech_prob": 0.060378361493349075
    },
    {
      "id": 8,
      "seek": 2800,
      "start": 32.0,
      "end": 38.0,
      "text": "そこもある程度ちゃんと自社でプロダクト持ってるって利点を得るために",
      "tokens": [
        50564,
        5040,
        3503,
        4801,
        24719,
        29649,
        13127,
        35771,
        3193,
        9722,
        27658,
        2474,
        20953,
        17164,
        28651,
        10825,
        7588,
        17694,
        45350,
        6102,
        23700,
        12579,
        5998,
        5916,
        4895,
        49983,
        4108,
        50864
      ],
      "temperature": 0.0,
      "avg_logprob": -0.18455268745135545,
      "compression_ratio": 1.7526881720430108,
      "no_speech_prob": 0.060378361493349075
    },
    {
      "id": 9,
      "seek": 2800,
      "start": 38.0,
      "end": 45.0,
      "text": "調整していくというか修約していくみたいなことを求められるってことを考えると",
      "tokens": [
        50864,
        32943,
        27662,
        8822,
        49394,
        15300,
        3703,
        7792,
        106,
        30889,
        8822,
        49394,
        41258,
        3203,
        13235,
        5998,
        32718,
        11429,
        5154,
        35367,
        6102,
        13235,
        5998,
        26504,
        44547,
        3193,
        51214
      ],
      "temperature": 0.0,
      "avg_logprob": -0.18455268745135545,
      "compression_ratio": 1.7526881720430108,
      "no_speech_prob": 0.060378361493349075
    },
    {
      "id": 10,
      "seek": 2800,
      "start": 45.0,
      "end": 52.0,
      "text": "本当に何でもやれる仕事というか何でもやれなきゃいけない仕事という印象がありますよね",
      "tokens": [
        51214,
        37505,
        4108,
        11906,
        17783,
        7355,
        35367,
        1550,
        243,
        6973,
        15300,
        3703,
        11906,
        17783,
        7355,
        4132,
        3203,
        7016,
        9051,
        1764,
        7625,
        9311,
        1550,
        243,
        6973,
        15300,
        35825,
        45007,
        5142,
        37020,
        30346,
        51564
      ],
      "temperature": 0.0,
      "avg_logprob": -0.18455268745135545,
      "compression_ratio": 1.7526881720430108,
      "no_speech_prob": 0.060378361493349075
    },
    {
      "id": 11,
      "seek": 2800,
      "start": 52.0,
      "end": 56.0,
      "text": "すごいですね。アメリカではそのくらいのレベルの人が",