{
  "text": "これらのことが大前提に組み込まれているという内容がありますよね、FD用。一緒のプロダクトがあって、そのうれでカスタマイル性があったりだったりとか、最初のお客さんも割と多方といった人を貼っても、主役として成り立つみたいな形の、そういうプロダクトの中でもある意味結構ニッチなプロダクトを、大前提とした区間加工割の方が多いと思います。",
  "segments": [
    {
      "id": 0,
      "seek": 0,
      "start": 0.0,
      "end": 4.0,
      "text": "これらのことが大前提に組み込まれているという内容がありますよね、FD用。",
      "tokens": [
        50364,
        9329,
        5154,
        2972,
        13235,
        5142,
        3582,
        8945,
        20949,
        4108,
        30052,
        11362,
        9830,
        120,
        2889,
        26638,
        22979,
        15300,
        34742,
        25750,
        5142,
        37020,
        30346,
        1231,
        37,
        35,
        9254,
        1543,
        50564
      ],
      "temperature": 0.0,
      "avg_logprob": -0.35120177991462476,
      "compression_ratio": 1.5984848484848484,
      "no_speech_prob": 0.39899522066116333
    },
    {
      "id": 1,
      "seek": 0,
      "start": 5.0,
      "end": 11.0,
      "text": "一緒のプロダクトがあって、そのうれでカスタマイル性があったりだったりとか、",
      "tokens": [
        50614,
        2257,
        12608,
        240,
        2972,
        20953,
        17164,
        28651,
        10825,
        7588,
        5142,
        3590,
        6102,
        1231,
        20564,
        2646,
        4132,
        2474,
        10111,
        9550,
        12144,
        13258,
        8040,
        9405,
        21686,
        5142,
        3590,
        10102,
        5095,
        5362,
        10102,
        5095,
        30607,
        1231,
        50914
      ],
      "temperature": 0.0,
      "avg_logprob": -0.35120177991462476,
      "compression_ratio": 1.5984848484848484,
      "no_speech_prob": 0.39899522066116333
    },
    {
      "id": 2,
      "seek": 0,
      "start": 12.0,
      "end": 19.0,
      "text": "最初のお客さんも割と多方といった人を貼っても、主役として成り立つみたいな形の、",
      "tokens": [
        50964,
        8661,
        28727,
        2972,
        6117,
        32316,
        15567,
        4801,
        5935,
        110,
        3193,
        6392,
        9249,
        3193,
        1764,
        10102,
        4035,
        5998,
        11561,
        120,
        6102,
        4801,
        1231,
        13557,
        7391,
        117,
        3193,
        8822,
        11336,
        5095,
        24409,
        9335,
        41258,
        3203,
        30900,
        2972,
        1231,
        51314
      ],
      "temperature": 0.0,
      "avg_logprob": -0.35120177991462476,
      "compression_ratio": 1.5984848484848484,
      "no_speech_prob": 0.39899522066116333
    },
    {
      "id": 3,
      "seek": 0,
      "start": 20.0,
      "end": 25.0,
      "text": "そういうプロダクトの中でもある意味結構ニッチなプロダクトを、",
      "tokens": [
        51364,
        9955,
        9444,
        20953,
        17164,
        28651,
        10825,
        7588,
        2972,
        5975,
        17783,
        24719,
        9042,
        17268,
        17144,
        43362,
        34737,
        8276,
        17794,
        3203,
        20953,
        17164,
        28651,
        10825,
        7588,
        5998,
        1231,
        51614
      ],
      "temperature": 0.0,
      "avg_logprob": -0.35120177991462476,
      "compression_ratio": 1.5984848484848484,
      "no_speech_prob": 0.39899522066116333
    },
    {
      "id": 4,
      "seek": 2500,
      "start": 25.0,
      "end": 28.0,
      "text": "大前提とした区間加工割の方が多いと思います。",
      "tokens": [
        50364,
        3582,
        8945,
        20949,
        3193,
        8533,
        9937,
        118,
        11016,
        9990,
        23323,
        5935,
        110,
        2972,
        9249,
        5142,
        6392,
        1764,
        29707,
        1543,
        50514
      ],
      "temperature": 0.0,
      "avg_logprob": -0.6173372702165083,
      "compression_ratio": 0.8571428571428571,
      "no_speech_prob": 0.2912903428077698
    }
  ],
  "language": "ja"
}