{
  "text": "そういうエンタープライズがあるかどうかであったりとか、そういう報酬設計が整っているか、ところがFDが、そもそも機能する、本来の役割として機能する条件なのかなと思うんですけど、そもそもこういう会社が、すみません、そもそもそういうポイントが揃っている会社であれば、もともとそういうFD的な働き方を掃除してきた人は、いたんじゃないかっていう。そうじゃないと、そのビジネスが成り立ってなかったはずではあるので、っていう感じです。それにそれを具体的に、なんでしょうか、こういう人だよっていうふうに言語化するとなると、どういう方々になりますかね。そうですね。",
  "segments": [
    {
      "id": 0,
      "seek": 0,
      "start": 0.0,
      "end": 4.0,
      "text": "そういうエンタープライズがあるかどうかであったりとか、",
      "tokens": [
        50364,
        9955,
        9444,
        26215,
        34337,
        15266,
        245,
        40230,
        29061,
        5142,
        24719,
        3703,
        18395,
        3703,
        2474,
        3590,
        10102,
        5095,
        30607,
        1231,
        50564
      ],
      "temperature": 0.0,
      "avg_logprob": -0.23819537546442843,
      "compression_ratio": 1.8769716088328077,
      "no_speech_prob": 0.442138135433197
    },
    {
      "id": 1,
      "seek": 0,
      "start": 4.0,
      "end": 7.0,
      "text": "そういう報酬設計が整っているか、",
      "tokens": [
        50564,
        9955,
        9444,
        17803,
        16911,
        105,
        39035,
        30114,
        5142,
        27662,
        6102,
        22979,
        3703,
        1231,
        50714
      ],
      "temperature": 0.0,
      "avg_logprob": -0.23819537546442843,
      "compression_ratio": 1.8769716088328077,
      "no_speech_prob": 0.442138135433197
    },
    {
      "id": 2,
      "seek": 0,
      "start": 7.0,
      "end": 10.0,
      "text": "ところがFDが、そもそも機能する、",
      "tokens": [
        50714,
        46001,
        5142,
        37,
        35,
        5142,
        1231,
        5040,
        4801,
        5040,
        4801,
        17543,
        8225,
        22570,
        1231,
        50864
      ],
      "temperature": 0.0,
      "avg_logprob": -0.23819537546442843,
      "compression_ratio": 1.8769716088328077,
      "no_speech_prob": 0.442138135433197
    },
    {
      "id": 3,
      "seek": 0,
      "start": 10.0,
      "end": 14.0,
      "text": "本来の役割として機能する条件なのかなと思うんですけど、",
      "tokens": [
        50864,
        8802,
        6912,
        2972,
        7391,
        117,
        5935,
        110,
        3193,
        8822,
        17543,
        8225,
        22570,
        48837,
        20485,
        3203,
        2972,
        24939,
        22372,
        17760,
        4767,
        21891,
        1231,
        51064
      ],
      "temperature": 0.0,
      "avg_logprob": -0.23819537546442843,
      "compression_ratio": 1.8769716088328077,
      "no_speech_prob": 0.442138135433197
    },
    {
      "id": 4,
      "seek": 0,
      "start": 14.0,
      "end": 16.0,
      "text": "そもそもこういう会社が、",
      "tokens": [
        51064,
        5040,
        4801,
        5040,
        4801,
        22159,
        9444,
        12949,
        27658,
        5142,
        1231,
        51164
      ],
      "temperature": 0.0,
      "avg_logprob": -0.23819537546442843,
      "compression_ratio": 1.8769716088328077,
      "no_speech_prob": 0.442138135433197
    },
    {
      "id": 5,
      "seek": 0,
      "start": 16.0,
      "end": 20.0,
      "text": "すみません、そもそもそういうポイントが揃っている会社であれば、",
      "tokens": [
        51164,
        2659,
        11362,
        30250,
        1231,
        5040,
        4801,
        5040,
        4801,
        9955,
        9444,
        34718,
        8040,
        29971,
        5142,
        11673,
        225,
        6102,
        22979,
        12949,
        27658,
        2474,
        30659,
        13349,
        1231,
        51364
      ],
      "temperature": 0.0,
      "avg_logprob": -0.23819537546442843,
      "compression_ratio": 1.8769716088328077,
      "no_speech_prob": 0.442138135433197
    },
    {
      "id": 6,
      "seek": 0,
      "start": 20.0,
      "end": 24.0,
      "text": "もともとそういうFD的な働き方を掃除してきた人は、",
      "tokens": [
        51364,
        4801,
        3193,
        4801,
        3193,
        9955,
        9444,
        37,
        35,
        1546,
        3203,
        9502,
        235,
        7016,
        9249,
        5998,
        6900,
        225,
        32999,
        8822,
        49809,
        4035,
        3065,
        1231,
        51564
      ],
      "temperature": 0.0,
      "avg_logprob": -0.23819537546442843,
      "compression_ratio": 1.8769716088328077,
      "no_speech_prob": 0.442138135433197
    },
    {
      "id": 7,
      "seek": 0,
      "start": 24.0,
      "end": 26.0,
      "text": "いたんじゃないかっていう。",
      "tokens": [
        51564,
        17679,
        3225,
        40323,
        3703,
        46896,
        1543,
        51664
      ],
      "temperature": 0.0,
      "avg_logprob": -0.23819537546442843,
      "compression_ratio": 1.8769716088328077,
      "no_speech_prob": 0.442138135433197
    },
    {
      "id": 8,
      "seek": 0,
      "start": 26.0,
      "end": 29.0,
      "text": "そうじゃないと、そのビジネスが成り立ってなかったはずではあるので、",
      "tokens": [
        51664,
        9955,
        40323,
        3193,
        1231,
        20564,
        39454,
        14655,
        1047,
        235,
        9550,
        5142,
        11336,
        5095,
        24409,
        6102,
        3203,
        25785,
        3065,
        18216,
        16719,
        24719,
        23072,
        1231,
        51814
      ],
      "temperature": 0.0,
      "avg_logprob": -0.23819537546442843,
      "compression_ratio": 1.8769716088328077,
      "no_speech_prob": 0.442138135433197
    },
    {
      "id": 9,
      "seek": 2900,
      "start": 29.0,
      "end": 31.0,
      "text": "っていう感じです。",
      "tokens": [
        50364,
        46896,
        25359,
        4767,
        1543,
        50464
      ],
      "temperature": 0.0,
      "avg_logprob": -0.2874613489423479,
      "compression_ratio": 1.5319148936170213,
      "no_speech_prob": 0.07994333654642105
    },
    {
      "id": 10,
      "seek": 2900,
      "start": 31.0,
      "end": 34.0,
      "text": "それにそれを具体的に、なんでしょうか、",
      "tokens": [
        50464,
        13873,
        4108,
        13873,
        5998,
        39806,
        29485,
        1546,
        4108,
        1231,
        11847,
        38711,
        3703,
        1231,
        50614
      ],
      "temperature": 0.0,
      "avg_logprob": -0.2874613489423479,
      "compression_ratio": 1.5319148936170213,
      "no_speech_prob": 0.07994333654642105
    },
    {
      "id": 11,
      "seek": 2900,
      "start": 34.0,
      "end": 38.0,
      "text": "こういう人だよっていうふうに言語化するとなると、",
      "tokens": [
        50614,
        22159,
        9444,
        4035,
        5362,
        5591,
        46896,
        18100,
        2646,
        4108,
        12009,
        31348,
        23756,
        22570,
        3193,
        29218,
        3193,
        1231,
        50814
      ],
      "temperature": 0.0,
      "avg_logprob": -0.2874613489423479,
      "compression_ratio": 1.5319148936170213,
      "no_speech_prob": 0.07994333654642105
    },
    {
      "id": 12,
      "seek": 2900,
      "start": 38.0,
      "end": 40.0,
      "text": "どういう方々になりますかね。",
      "tokens": [
        50814,
        18395,
        9444,
        9249,
        45032,
        22615,
        19420,
        3703,
        5555,
        1543,
        50914
      ],
      "temperature": 0.0,
      "avg_logprob": -0.2874613489423479,
      "compression_ratio": 1.5319148936170213,
      "no_speech_prob": 0.07994333654642105
    },
    {
      "id": 13,
      "seek": 2900,
      "start": 41.0,
      "end": 42.0,
      "text": "そうですね。",
      "tokens": [
        50964,
        46210,
        1543,
        51014
      ],
      "temperature": 0.0,
      "avg_logprob": -0.2874613489423479,
      "compression_ratio": 1.5319148936170213,
      "no_speech_prob": 0.07994333654642105
    }
  ],
  "language": "ja"
}