{
  "text": "CTOとかCPOクラスだし、難易度を考えると、一般的なサスカイ社のCTOとかCBを超える可能性がありますよね。確かに。そこの辺りになると、アメリカの方ではFREET単独で動かさないみたいな話とかも聞いたんですけど、その辺りのちょっとご説明というか、ご考えしてもいいですか。FREET、PDMって、共存する職種らしいということをちょっと調べたかも。",
  "segments": [
    {
      "id": 0,
      "seek": 0,
      "start": 0.0,
      "end": 9.0,
      "text": "CTOとかCPOクラスだし、難易度を考えると、一般的なサスカイ社のCTOとかCBを超える可能性がありますよね。",
      "tokens": [
        50364,
        34,
        15427,
        30607,
        34,
        34885,
        10825,
        11353,
        9550,
        5362,
        2849,
        1231,
        21192,
        31962,
        13127,
        5998,
        26504,
        44547,
        3193,
        1231,
        2257,
        49640,
        1546,
        3203,
        23607,
        9550,
        10111,
        8040,
        27658,
        2972,
        34,
        15427,
        30607,
        34,
        33,
        5998,
        19869,
        44547,
        16657,
        21686,
        5142,
        37020,
        30346,
        1543,
        50814
      ],
      "temperature": 0.0,
      "avg_logprob": -0.27071094512939453,
      "compression_ratio": 1.4803149606299213,
      "no_speech_prob": 0.4490106403827667
    },
    {
      "id": 1,
      "seek": 0,
      "start": 9.0,
      "end": 23.0,
      "text": "確かに。そこの辺りになると、アメリカの方ではFREET単独で動かさないみたいな話とかも聞いたんですけど、その辺りのちょっとご説明というか、ご考えしてもいいですか。",
      "tokens": [
        50814,
        24293,
        3703,
        4108,
        1543,
        5040,
        13303,
        9830,
        118,
        5095,
        22615,
        4895,
        3193,
        1231,
        12817,
        21647,
        12376,
        10111,
        2972,
        9249,
        16719,
        37,
        3850,
        4850,
        5322,
        246,
        18637,
        105,
        2474,
        12572,
        3703,
        6722,
        9311,
        41258,
        3203,
        11103,
        30607,
        4801,
        25468,
        17679,
        27113,
        21891,
        1231,
        20564,
        9830,
        118,
        5095,
        2972,
        21888,
        9991,
        3549,
        105,
        11100,
        15300,
        3703,
        1231,
        9991,
        26504,
        6474,
        8822,
        4801,
        13806,
        30913,
        1543,
        51514
      ],
      "temperature": 0.0,
      "avg_logprob": -0.27071094512939453,
      "compression_ratio": 1.4803149606299213,
      "no_speech_prob": 0.4490106403827667
    },
    {
      "id": 2,
      "seek": 2300,
      "start": 23.0,
      "end": 32.0,
      "text": "FREET、PDMって、共存する職種らしいということをちょっと調べたかも。",
      "tokens": [
        50414,
        37,
        3850,
        4850,
        1231,
        47,
        35,
        44,
        6102,
        1231,
        15408,
        39781,
        22570,
        8171,
        115,
        16516,
        5154,
        17121,
        29502,
        5998,
        21888,
        32943,
        28043,
        3368,
        3703,
        4801,
        1543,
        50814
      ],
      "temperature": 0.0,
      "avg_logprob": -0.3980360359981142,
      "compression_ratio": 0.9693877551020408,
      "no_speech_prob": 0.8723124861717224
    }
  ],
  "language": "ja"
}