{
  "text": "それの利点とは、アイハンセル部分があるかなと思っています。なので、その中でも、やはりちょっと限られたビジネスモデルというか、限られた方が、構造の人間、会社じゃないと、なかなか生かしにくいのかなと思っています。確かに確かに。こういうケース、つまりですね、FDE、限った話じゃないのかなというふうに思っていて、PDMも同じような実情に囲みたどったことがあるみたいな、同じケースとかあるのですよね。PDMって、FDEもそうなんですけど、FDEのじゃ正式な定義って何?というと結構難しいというか、ファルティアではこういうふうにやってますよ、みたいな話とか、ネット調べと出てきたりするんですけど、割とウレンディテンにも結構解釈が分かれる職種なので、これだけ騒がられているところだと思うんですけど、PDMも結構同様だと思っていて、今現在でも会社によってPDMに期待している役割って結構、たぶん、現場に出て違うんだと思うんですね。僕もいろんな勉強会とか行ったりして、いろんなプロダクトまで話しているんですけど、やってる仕事を聞くところ全然違うので、そういう意味では、職種定義が分かりにくい仕事という意味で、お共通ってかかるのかなと思います。",
  "segments": [
    {
      "id": 0,
      "seek": 0,
      "start": 0.0,
      "end": 4.0,
      "text": "それの利点とは、アイハンセル部分があるかなと思っています。",
      "tokens": [
        50364,
        13873,
        2972,
        23700,
        12579,
        3193,
        3065,
        1231,
        12817,
        8040,
        15927,
        4824,
        31223,
        9405,
        32174,
        5142,
        24719,
        24939,
        22372,
        6102,
        11267,
        1543,
        50564
      ],
      "temperature": 0.0,
      "avg_logprob": -0.4089328176606961,
      "compression_ratio": 1.7834645669291338,
      "no_speech_prob": 0.4047560393810272
    },
    {
      "id": 1,
      "seek": 0,
      "start": 4.0,
      "end": 10.0,
      "text": "なので、その中でも、やはりちょっと限られたビジネスモデルというか、限られた方が、",
      "tokens": [
        50564,
        47275,
        1231,
        20564,
        5975,
        17783,
        1231,
        7355,
        3065,
        5095,
        21888,
        43446,
        5154,
        35478,
        39454,
        14655,
        1047,
        235,
        9550,
        29183,
        31327,
        9405,
        15300,
        3703,
        1231,
        43446,
        5154,
        35478,
        9249,
        5142,
        1231,
        50864
      ],
      "temperature": 0.0,
      "avg_logprob": -0.4089328176606961,
      "compression_ratio": 1.7834645669291338,
      "no_speech_prob": 0.4047560393810272
    },
    {
      "id": 2,
      "seek": 0,
      "start": 10.0,
      "end": 16.0,
      "text": "構造の人間、会社じゃないと、なかなか生かしにくいのかなと思っています。",
      "tokens": [
        50864,
        43362,
        37583,
        2972,
        4035,
        11016,
        1231,
        12949,
        27658,
        40323,
        3193,
        1231,
        3203,
        24939,
        3703,
        8244,
        3703,
        2849,
        4108,
        6134,
        1764,
        2972,
        24939,
        22372,
        6102,
        11267,
        1543,
        51164
      ],
      "temperature": 0.0,
      "avg_logprob": -0.4089328176606961,
      "compression_ratio": 1.7834645669291338,
      "no_speech_prob": 0.4047560393810272
    },
    {
      "id": 3,
      "seek": 0,
      "start": 16.0,
      "end": 18.0,
      "text": "確かに確かに。",
      "tokens": [
        51164,
        24293,
        3703,
        4108,
        24293,
        3703,
        4108,
        1543,
        51264
      ],
      "temperature": 0.0,
      "avg_logprob": -0.4089328176606961,
      "compression_ratio": 1.7834645669291338,
      "no_speech_prob": 0.4047560393810272
    },
    {
      "id": 4,
      "seek": 0,
      "start": 18.0,
      "end": 23.0,
      "text": "こういうケース、つまりですね、FDE、限った話じゃないのかなというふうに思っていて、",
      "tokens": [
        51264,
        22159,
        9444,
        32639,
        3384,
        9550,
        1231,
        9335,
        41446,
        14277,
        1231,
        37,
        22296,
        1231,
        43446,
        10102,
        11103,
        40323,
        2972,
        24939,
        15300,
        18100,
        2646,
        4108,
        8870,
        6102,
        18549,
        1231,
        51514
      ],
      "temperature": 0.0,
      "avg_logprob": -0.4089328176606961,
      "compression_ratio": 1.7834645669291338,
      "no_speech_prob": 0.4047560393810272
    },
    {
      "id": 5,
      "seek": 2300,
      "start": 23.0,
      "end": 30.0,
      "text": "PDMも同じような実情に囲みたどったことがあるみたいな、同じケースとかあるのですよね。",
      "tokens": [
        50364,
        17349,
        44,
        4801,
        13089,
        9257,
        17010,
        3203,
        33197,
        10570,
        4108,
        3919,
        110,
        11362,
        3368,
        7594,
        10102,
        13235,
        5142,
        24719,
        41258,
        3203,
        1231,
        13089,
        9257,
        32639,
        3384,
        9550,
        30607,
        24719,
        2972,
        4767,
        30346,
        1543,
        50714
      ],
      "temperature": 0.0,
      "avg_logprob": -0.29745660238708094,
      "compression_ratio": 1.7548387096774194,
      "no_speech_prob": 0.07655252516269684
    },
    {
      "id": 6,
      "seek": 2300,
      "start": 30.0,
      "end": 37.0,
      "text": "PDMって、FDEもそうなんですけど、FDEのじゃ正式な定義って何?というと結構難しいというか、",
      "tokens": [
        50714,
        17349,
        44,
        6102,
        1231,
        37,
        22296,
        4801,
        9955,
        42255,
        21891,
        1231,
        37,
        22296,
        2972,
        15339,
        15789,
        27584,
        3203,
        12088,
        37430,
        6102,
        11906,
        30,
        15300,
        3193,
        17144,
        43362,
        21192,
        17121,
        15300,
        3703,
        1231,
        51064
      ],
      "temperature": 0.0,
      "avg_logprob": -0.29745660238708094,
      "compression_ratio": 1.7548387096774194,
      "no_speech_prob": 0.07655252516269684
    },
    {
      "id": 7,
      "seek": 2300,
      "start": 37.0,
      "end": 41.0,
      "text": "ファルティアではこういうふうにやってますよ、みたいな話とか、ネット調べと出てきたりするんですけど、",
      "tokens": [
        51064,
        17320,
        36151,
        9405,
        22985,
        26760,
        12817,
        16719,
        22159,
        9444,
        18100,
        2646,
        4108,
        31497,
        5368,
        5591,
        1231,
        41258,
        3203,
        11103,
        30607,
        1231,
        1047,
        235,
        31978,
        32943,
        28043,
        3193,
        7781,
        2996,
        49809,
        5095,
        22570,
        27113,
        21891,
        1231,
        51264
      ],
      "temperature": 0.0,
      "avg_logprob": -0.29745660238708094,
      "compression_ratio": 1.7548387096774194,
      "no_speech_prob": 0.07655252516269684
    },
    {
      "id": 8,
      "seek": 2300,
      "start": 41.0,
      "end": 47.0,
      "text": "割とウレンディテンにも結構解釈が分かれる職種なので、これだけ騒がられているところだと思うんですけど、",
      "tokens": [
        51264,
        5935,
        110,
        3193,
        20745,
        16680,
        14121,
        229,
        26760,
        22985,
        4824,
        4108,
        4801,
        17144,
        43362,
        17278,
        5873,
        230,
        5142,
        6627,
        3703,
        35367,
        8171,
        115,
        16516,
        47275,
        1231,
        9329,
        36215,
        38168,
        240,
        5142,
        5154,
        26638,
        22979,
        46001,
        5362,
        22372,
        17760,
        4767,
        21891,
        1231,
        51564
      ],
      "temperature": 0.0,
      "avg_logprob": -0.29745660238708094,
      "compression_ratio": 1.7548387096774194,
      "no_speech_prob": 0.07655252516269684
    },
    {
      "id": 9,
      "seek": 4700,
      "start": 47.0,
      "end": 57.0,
      "text": "PDMも結構同様だと思っていて、今現在でも会社によってPDMに期待している役割って結構、",