{
  "text": "セールスフォースとかは仕掻いもかもしれないですよね。なるほど。確かに。ああいう企業であれば、こういうFD的な仕事をしてきた人は、別の名前でその同じ役割をしてた人がいて、複数人でやってた人の仕事が、家への仕事によって逃亡されて、新しい役割をしてた中で作っているのが、理由があるのかなと思う。",
  "segments": [
    {
      "id": 0,
      "seek": 0,
      "start": 0.0,
      "end": 3.0,
      "text": "セールスフォースとかは仕掻いもかもしれないですよね。",
      "tokens": [
        50364,
        31223,
        35307,
        9550,
        17320,
        824,
        102,
        3384,
        9550,
        30607,
        3065,
        1550,
        243,
        6900,
        119,
        1764,
        4801,
        3703,
        49412,
        48535,
        4767,
        30346,
        1543,
        50514
      ],
      "temperature": 0.0,
      "avg_logprob": -0.41481055413092766,
      "compression_ratio": 1.68503937007874,
      "no_speech_prob": 0.14292967319488525
    },
    {
      "id": 1,
      "seek": 0,
      "start": 4.0,
      "end": 5.0,
      "text": "なるほど。確かに。",
      "tokens": [
        50564,
        39506,
        1543,
        24293,
        3703,
        4108,
        1543,
        50614
      ],
      "temperature": 0.0,
      "avg_logprob": -0.41481055413092766,
      "compression_ratio": 1.68503937007874,
      "no_speech_prob": 0.14292967319488525
    },
    {
      "id": 2,
      "seek": 0,
      "start": 6.0,
      "end": 10.0,
      "text": "ああいう企業であれば、こういうFD的な仕事をしてきた人は、",
      "tokens": [
        50664,
        18430,
        9444,
        7384,
        223,
        27119,
        2474,
        30659,
        13349,
        1231,
        22159,
        9444,
        37,
        35,
        1546,
        3203,
        1550,
        243,
        6973,
        5998,
        8822,
        49809,
        4035,
        3065,
        1231,
        50864
      ],
      "temperature": 0.0,
      "avg_logprob": -0.41481055413092766,
      "compression_ratio": 1.68503937007874,
      "no_speech_prob": 0.14292967319488525
    },
    {
      "id": 3,
      "seek": 0,
      "start": 11.0,
      "end": 14.0,
      "text": "別の名前でその同じ役割をしてた人がいて、",
      "tokens": [
        50914,
        16158,
        2972,
        15940,
        8945,
        2474,
        20564,
        13089,
        9257,
        7391,
        117,
        5935,
        110,
        5998,
        8822,
        3368,
        4035,
        5142,
        18549,
        1231,
        51064
      ],
      "temperature": 0.0,
      "avg_logprob": -0.41481055413092766,
      "compression_ratio": 1.68503937007874,
      "no_speech_prob": 0.14292967319488525
    },
    {
      "id": 4,
      "seek": 0,
      "start": 15.0,
      "end": 17.0,
      "text": "複数人でやってた人の仕事が、",
      "tokens": [
        51114,
        164,
        97,
        229,
        33188,
        4035,
        2474,
        31497,
        3368,
        4035,
        2972,
        1550,
        243,
        6973,
        5142,
        1231,
        51214
      ],
      "temperature": 0.0,
      "avg_logprob": -0.41481055413092766,
      "compression_ratio": 1.68503937007874,
      "no_speech_prob": 0.14292967319488525
    },
    {
      "id": 5,
      "seek": 0,
      "start": 18.0,
      "end": 22.0,
      "text": "家への仕事によって逃亡されて、新しい役割をしてた中で作っているのが、",
      "tokens": [
        51264,
        5155,
        29440,
        2972,
        1550,
        243,
        6973,
        4108,
        5591,
        6102,
        2215,
        225,
        1369,
        94,
        6722,
        26638,
        1231,
        12560,
        17121,
        7391,
        117,
        5935,
        110,
        5998,
        8822,
        3368,
        5975,
        2474,
        11914,
        6102,
        22979,
        2972,
        5142,
        1231,
        51464
      ],
      "temperature": 0.0,
      "avg_logprob": -0.41481055413092766,
      "compression_ratio": 1.68503937007874,
      "no_speech_prob": 0.14292967319488525
    },
    {
      "id": 6,
      "seek": 0,
      "start": 23.0,
      "end": 24.0,
      "text": "理由があるのかなと思う。",
      "tokens": [
        51514,
        13876,
        23786,
        5142,
        24719,
        2972,
        24939,
        22372,
        2646,
        1543,
        51564
      ],
      "temperature": 0.0,
      "avg_logprob": -0.41481055413092766,
      "compression_ratio": 1.68503937007874,
      "no_speech_prob": 0.14292967319488525
    }
  ],
  "language": "ja"
}