{
  "final_time": 2374,
  "uncut_time": 2375.042,
  "segment": {
    "seg": 67,
    "input": 4,
    "src_start": 1216.98,
    "src_end": 1260.878,
    "dur": 43.89799999999991,
    "out_start": 2374.42,
    "out_end": 2418.318,
    "out_mid": 2396.369,
    "role": "camera5",
    "path": "C:\\Users\\yurin\\Downloads\\New folder (2)\\0H4A7193.MP4"
  },
  "current_segment_filter": "colorchannelmixer=rr=1.00590:gg=1.07669:bb=1.15990,eq=brightness=0.0321:contrast=0.8607:saturation=0.8400,colorchannelmixer=rr=0.99000:gg=1.00000:bb=1.01200,eq=brightness=0.0140:contrast=0.9850:saturation=0.9600",
  "local_recommended_filter": "colorchannelmixer=rr=1.05151:gg=1.11384:bb=1.16000,eq=brightness=0.0402:contrast=0.8485:saturation=0.8400",
  "source_sample_times": [
    1256.912,
    1264.374,
    1270.959,
    1277.544,
    1285.006
  ],
  "master_reference_times": [
    2382.322,
    2389.784,
    2396.369,
    2402.954,
    2410.416
  ],
  "item_stats": {
    "brightness": 0.6466638422947304,
    "contrast": 0.28322674197836795,
    "saturation": 0.26893196255553004,
    "backgroundBrightness": 0.7460044591567095,
    "backgroundSaturation": 0.22608948651482078,
    "meanBgr": [
      0.5255096555223652,
      0.6351551370059743,
      0.7175098733340992
    ],
    "neutralBgr": [
      0.6413823146446078,
      0.7712536860447303,
      0.8501645914713543
    ],
    "backgroundBgr": [
      0.6247318282781863,
      0.7392026893765319,
      0.809341370825674
    ],
    "samples": 5.0,
    "skinBgr": [
      0.39345286649816175,
      0.5071411791034773,
      0.7074730368221507
    ],
    "skinBrightness": 0.7074730368221507,
    "skinSaturation": 0.4400511498544731,
    "skinSamples": 5.0,
    "skinPixels": 13187.0,
    "skinFaceRoiSamples": 5.0
  },
  "master_stats": {
    "brightness": 0.7922981172449448,
    "contrast": 0.2403155587659543,
    "saturation": 0.17662269143497242,
    "backgroundBrightness": 0.8354295558555453,
    "backgroundSaturation": 0.17408379049862133,
    "meanBgr": [
      0.6871898097617953,
      0.7890754729626226,
      0.839423828125
    ],
    "neutralBgr": [
      0.709580197801777,
      0.8192081705729167,
      0.870751127355239
    ],
    "backgroundBgr": [
      0.7272566612094057,
      0.8333106785194546,
      0.8812345018573836
    ],
    "samples": 5.0,
    "skinBgr": [
      0.39958980186312804,
      0.5096079927332261,
      0.7024469472847732
    ],
    "skinBrightness": 0.7024469472847732,
    "skinSaturation": 0.4295247635186888,
    "skinSamples": 5.0,
    "skinPixels": 5590.0,
    "skinFaceRoiSamples": 5.0
  },
  "local_components": {
    "brightness": 0.04025,
    "contrast": 0.84849,
    "saturation": 0.84,
    "skinDelta": -0.00503,
    "globalDelta": 0.14563,
    "backgroundDelta": 0.08943,
    "masterWeightedSat": 0.2138,
    "itemWeightedSat": 0.28175,
    "temperature": {
      "enabled": true,
      "red": 0.9777977898365725,
      "blue": 1.0227063411210393,
      "targetRb": 1.2147462617349645,
      "itemRb": 1.301632819466007,
      "ratio": 0.933248027837307
    }
  },
  "render_samples_current_final": [
    {
      "final_time": 2372,
      "uncut_time": 2373.042,
      "frame": "C:\\Users\\yurin\\Desktop\\video_edit\\projects\\new-folder-2\\output\\reports\\color_audit_20260529_3934_cut\\final_2372_2372.png",
      "rgb": [
        174.63,
        161.55,
        138.06
      ],
      "luma": 162.64,
      "sat": 0.2385,
      "warmth_r_minus_b": 36.57,
      "rb_ratio": 1.26489
    },
    {
      "final_time": 2373.6,
      "uncut_time": 2374.642,
      "frame": "C:\\Users\\yurin\\Desktop\\video_edit\\projects\\new-folder-2\\output\\reports\\color_audit_20260529_3934_cut\\final_2373_2373p6.png",
      "rgb": [
        180.54,
        175.62,
        153.02
      ],
      "luma": 175.04,
      "sat": 0.1753,
      "warmth_r_minus_b": 27.52,
      "rb_ratio": 1.17982
    },
    {
      "final_time": 2375.0,
      "uncut_time": 2376.042,
      "frame": "C:\\Users\\yurin\\Desktop\\video_edit\\projects\\new-folder-2\\output\\reports\\color_audit_20260529_3934_cut\\final_2375_2375p0.png",
      "rgb": [
        178.04,
        173.28,
        151.28
      ],
      "luma": 172.7,
      "sat": 0.1729,
      "warmth_r_minus_b": 26.76,
      "rb_ratio": 1.17691
    },
    {
      "final_time": 2382.0,
      "uncut_time": 2383.042,
      "frame": "C:\\Users\\yurin\\Desktop\\video_edit\\projects\\new-folder-2\\output\\reports\\color_audit_20260529_3934_cut\\final_2382_2382p0.png",
      "rgb": [
        175.73,
        170.4,
        148.6
      ],
      "luma": 169.96,
      "sat": 0.1769,
      "warmth_r_minus_b": 27.13,
      "rb_ratio": 1.18256
    },
    {
      "final_time": 2394.0,
      "uncut_time": 2395.042,
      "frame": "C:\\Users\\yurin\\Desktop\\video_edit\\projects\\new-folder-2\\output\\reports\\color_audit_20260529_3934_cut\\final_2394_2394p0.png",
      "rgb": [
        166.74,
        162.22,
        141.32
      ],
      "luma": 161.67,
      "sat": 0.1765,
      "warmth_r_minus_b": 25.42,
      "rb_ratio": 1.17986
    }
  ]
}