{
  "new": {
    "path": "C:\\Users\\yurin\\Desktop\\video_edit\\projects\\260526-birthday\\output\\videos\\260526-birthday-preview.mp4",
    "duration": 1485.7083333333333,
    "samples": 298,
    "anyClipPct": {
      "mean": 1.417605280056343,
      "p95": 1.2236979166666646,
      "max": 100.0
    },
    "whiteClipPct": {
      "mean": 1.156612498964289,
      "p95": 0.4484085648148146,
      "max": 100.0
    },
    "redClipPct": {
      "mean": 0.3747585497970006,
      "p95": 0.5906828703703703,
      "max": 61.62422839506173
    },
    "redDominantClipPct": {
      "mean": 0.04802075565498384,
      "p95": 0.2099151234567901,
      "max": 1.0092592592592593
    },
    "redDominantAreaPct": {
      "mean": 6.786170923440218,
      "p95": 19.364467592592575,
      "max": 36.83410493827161
    },
    "redDominantClipWithinRedPct": {
      "mean": 0.3388578596255001,
      "p95": 1.4194970779005391,
      "max": 3.9888682745825603
    },
    "worstWhite": [
      {
        "anyClipPct": 100.0,
        "whiteClipPct": 100.0,
        "redClipPct": 0.0,
        "redDominantClipPct": 0.0,
        "redDominantAreaPct": 0.0,
        "redDominantClipWithinRedPct": 0.0,
        "p99Bgr": [
          248.0,
          255.0,
          249.0
        ],
        "p999Bgr": [
          248.0,
          255.0,
          249.0
        ],
        "time": 0.0
      },
      {
        "anyClipPct": 93.99228395061728,
        "whiteClipPct": 92.85050154320987,
        "redClipPct": 2.1722608024691357,
        "redDominantClipPct": 0.0,
        "redDominantAreaPct": 0.0,
        "redDominantClipWithinRedPct": 0.0,
        "p99Bgr": [
          248.0,
          255.0,
          252.0
        ],
        "p999Bgr": [
          250.0,
          255.0,
          255.0
        ],
        "time": 5.0
      },
      {
        "anyClipPct": 62.254822530864196,
        "whiteClipPct": 61.30324074074074,
        "redClipPct": 61.62422839506173,
        "redDominantClipPct": 0.3315972222222222,
        "redDominantAreaPct": 12.862461419753085,
        "redDominantClipWithinRedPct": 1.6122017426776047,
        "p99Bgr": [
          249.0,
          252.0,
          251.0
        ],
        "p999Bgr": [
          254.0,
          255.0,
          255.0
        ],
        "time": 855.0
      },
      {
        "anyClipPct": 61.66743827160494,
        "whiteClipPct": 60.89390432098766,
        "redClipPct": 0.5202546296296297,
        "redDominantClipPct": 0.007137345679012346,
        "redDominantAreaPct": 3.275848765432099,
        "redDominantClipWithinRedPct": 0.03533152749970557,
        "p99Bgr": [
          248.0,
          255.0,
          249.0
        ],
        "p999Bgr": [
          255.0,
          255.0,
          255.0
        ],
        "time": 405.0
      },
      {
        "anyClipPct": 0.2673611111111111,
        "whiteClipPct": 0.9729938271604939,
        "redClipPct": 0.2623456790123457,
        "redDominantClipPct": 0.05536265432098766,
        "redDominantAreaPct": 2.2114197530864197,
        "redDominantClipWithinRedPct": 0.4623168178646197,
        "p99Bgr": [
          245.0,
          248.0,
          248.0
        ],
        "p999Bgr": [
          245.0,
          249.0,
          253.0
        ],
        "time": 1300.0
      },
      {
        "anyClipPct": 0.1111111111111111,
        "whiteClipPct": 0.884837962962963,
        "redClipPct": 0.0788966049382716,
        "redDominantClipPct": 0.00154320987654321,
        "redDominantAreaPct": 2.7119984567901234,
        "redDominantClipWithinRedPct": 0.02133864428479977,
        "p99Bgr": [
          243.0,
          248.0,
          246.0
        ],
        "p999Bgr": [
          245.0,
          249.0,
          249.0
        ],
        "time": 1270.0
      },
      {
        "anyClipPct": 0.06809413580246913,
        "whiteClipPct": 0.5952932098765432,
        "redClipPct": 0.059606481481481476,
        "redDominantClipPct": 0.001736111111111111,
        "redDominantAreaPct": 2.6242283950617287,
        "redDominantClipWithinRedPct": 0.014701558365186709,
        "p99Bgr": [
          243.0,
          248.0,
          248.0
        ],
        "p999Bgr": [
          245.0,
          249.0,
          249.0
        ],
        "time": 1275.0
      },
      {
        "anyClipPct": 0.18383487654320987,
        "whiteClipPct": 0.5499614197530864,
        "redClipPct": 0.15258487654320987,
        "redDominantClipPct": 0.017939814814814815,
        "redDominantAreaPct": 1.9834104938271604,
        "redDominantClipWithinRedPct": 0.6029955261622253,
        "p99Bgr": [
          243.0,
          248.0,
          246.0
        ],
        "p999Bgr": [
          245.0,
          249.0,
          251.0
        ],
        "time": 830.0
      }
    ],
    "worstRedDominant": [
      {
        "anyClipPct": 1.619598765432099,
        "whiteClipPct": 0.02160493827160494,
        "redClipPct": 1.619598765432099,
        "redDominantClipPct": 1.0092592592592593,
        "redDominantAreaPct": 18.147762345679013,
        "redDominantClipWithinRedPct": 3.8542486022236866,
        "p99Bgr": [
          222.0,
          219.0,
          255.0
        ],
        "p999Bgr": [
          249.0,
          239.0,
          255.0
        ],
        "time": 955.0
      },
      {
        "anyClipPct": 1.9112654320987652,
        "whiteClipPct": 0.2808641975308642,
        "redClipPct": 1.802662037037037,
        "redDominantClipPct": 0.9762731481481481,
        "redDominantAreaPct": 20.019675925925924,
        "redDominantClipWithinRedPct": 3.276097974600605,
        "p99Bgr": [
          238.0,
          230.0,
          255.0
        ],
        "p999Bgr": [
          254.0,
          249.0,
          255.0
        ],
        "time": 960.0
      },
      {
        "anyClipPct": 1.0621141975308641,
        "whiteClipPct": 0.019290123456790122,
        "redClipPct": 1.060956790123457,
        "redDominantClipPct": 0.39178240740740744,
        "redDominantAreaPct": 10.279128086419753,
        "redDominantClipWithinRedPct": 2.0061178148516525,
        "p99Bgr": [
          226.0,
          216.0,
          250.0
        ],
        "p999Bgr": [
          253.0,
          235.0,
          255.0
        ],
        "time": 950.0
      },
      {
        "anyClipPct": 1.1068672839506173,
        "whiteClipPct": 0.03896604938271605,
        "redClipPct": 1.1059027777777777,
        "redDominantClipPct": 0.3464506172839506,
        "redDominantAreaPct": 5.439814814814815,
        "redDominantClipWithinRedPct": 2.8226950354609928,
        "p99Bgr": [
          229.0,
          218.0,
          251.0
        ],
        "p999Bgr": [
          255.0,
          240.0,
          255.0
        ],
        "time": 940.0
      },
      {
        "anyClipPct": 62.254822530864196,
        "whiteClipPct": 61.30324074074074,
        "redClipPct": 61.62422839506173,
        "redDominantClipPct": 0.3315972222222222,
        "redDominantAreaPct": 12.862461419753085,
        "redDominantClipWithinRedPct": 1.6122017426776047,
        "p99Bgr": [
          249.0,
          252.0,
          251.0
        ],
        "p999Bgr": [
          254.0,
          255.0,
          255.0
        ],
        "time": 855.0
      },
      {
        "anyClipPct": 0.4930555555555555,
        "whiteClipPct": 0.02546296296296296,
        "redClipPct": 0.42091049382716056,
        "redDominantClipPct": 0.32523148148148145,
        "redDominantAreaPct": 4.399305555555555,
        "redDominantClipWithinRedPct": 3.8980969920196435,
        "p99Bgr": [
          228.0,
          226.0,
          242.0
        ],
        "p999Bgr": [
          248.0,
          249.0,
          255.0
        ],
        "time": 595.0
      },
      {
        "anyClipPct": 0.33545524691358025,
        "whiteClipPct": 0.0,
        "redClipPct": 0.33449074074074076,
        "redDominantClipPct": 0.3057484567901234,
        "redDominantAreaPct": 36.83410493827161,