{
  "video": "C:\\Users\\yurin\\Desktop\\video_edit\\projects\\new-folder-2\\output\\videos\\20260529_095448_1min_cut_test_face_center_color_light_full_png.mp4",
  "items": [
    {
      "time": 8.0,
      "role": "camera5",
      "ok": true,
      "face": [
        613.0,
        220.0,
        652.0,
        652.0
      ],
      "center": [
        0.48906,
        0.50556
      ],
      "centerError": [
        -0.01094,
        0.00556
      ],
      "method": "profile",
      "color": {
        "sat": 0.2940492139910586,
        "val": 0.5390657599392564,
        "contrast": 0.2461980461352031
      }
    },
    {
      "time": 25.0,
      "role": "master",
      "ok": true,
      "face": [
        794.0,
        390.0,
        315.0,
        315.0
      ],
      "center": [
        0.49557,
        0.50694
      ],
      "centerError": [
        -0.00443,
        0.00694
      ],
      "method": "profile",
      "color": {
        "sat": 0.2934851972167174,
        "val": 0.47312888969928457,
        "contrast": 0.31706855952814406
      }
    },
    {
      "time": 54.0,
      "role": "camera5",
      "ok": true,
      "face": [
        653.0,
        248.0,
        601.0,
        601.0
      ],
      "center": [
        0.49661,
        0.50787
      ],
      "centerError": [
        -0.00339,
        0.00787
      ],
      "method": "profile",
      "color": {
        "sat": 0.31746228414539507,
        "val": 0.5659764096328678,
        "contrast": 0.24798509081236006
      }
    }
  ]
}