{
  "segments": [
    {
      "role": "camera5",
      "localStart": 0.0,
      "localEnd": 16.288,
      "sourceStart": 762.5899999999999,
      "sourceEnd": 778.8779999999999,
      "detected": 5,
      "centerMedian": [
        0.66471,
        0.44375
      ],
      "satMean": 0.3461480216403859,
      "valMean": 0.4451275533067477,
      "samples": [
        {
          "local": 2.715,
          "source": 765.305,
          "ok": true,
          "frameSize": [
            1920,
            1080
          ],
          "face": [
            1060.0,
            263.0,
            432.5,
            432.5
          ],
          "center": [
            0.66471,
            0.44375
          ],
          "method": "profile",
          "color": {
            "meanBgr": [
              78.82198901501704,
              96.66304012145247,
              113.27727124480118
            ],
            "sat": 0.34884487787662827,
            "val": 0.4449891718354196,
            "contrast": 0.31483408843120697
          }
        },
        {
          "local": 5.429,
          "source": 768.019,
          "ok": true,
          "frameSize": [
            1920,
            1080
          ],
          "face": [
            1058.0,
            267.0,
            439.0,
            439.0
          ],
          "center": [
            0.66536,
            0.45046
          ],
          "method": "profile",
          "color": {
            "meanBgr": [
              78.07255597391246,
              95.34691499137139,
              111.73400205069589
            ],
            "sat": 0.34269834819335293,
            "val": 0.4389934067039936,
            "contrast": 0.3149150358971443
          }
        },
        {
          "local": 8.144,
          "source": 770.734,
          "ok": true,
          "frameSize": [
            1920,
            1080
          ],
          "face": [
            1049.5,
            266.5,
            422.0,
            422.0
          ],
          "center": [
            0.65651,
            0.44213
          ],
          "method": "profile",
          "color": {
            "meanBgr": [
              77.15130157595077,
              94.37720249800772,
              110.93173657593562
            ],
            "sat": 0.3500884222389016,
            "val": 0.4358045930607451,
            "contrast": 0.31382474089979767
          }
        },
        {
          "local": 10.859,
          "source": 773.449,
          "ok": true,
          "frameSize": [
            1920,
            1080
          ],
          "face": [
            1051.3,
            260.0,
            423.3,
            423.3
          ],
          "center": [
            0.65781,
            0.43673
          ],
          "method": "profile",
          "color": {
            "meanBgr": [
              79.17923691215617,
              97.1779871565428,
              113.97337764877506
            ],
            "sat": 0.35027426445891546,
            "val": 0.44770253569371743,
            "contrast": 0.3148482595022699
          }
        },
        {
          "local": 13.573,
          "source": 776.163,
          "ok": true,
          "frameSize": [
            1920,
            1080
          ],
          "face": [
            1041.5,
            281.0,
            478.5,
            478.5
          ],
          "center": [
            0.66706,
            0.48171
          ],
          "method": "profile",
          "color": {
            "meanBgr": [
              82.12619057542953,
              100.35105760863112,
              116.62842679216257
            ],
            "sat": 0.3388341954341311,
            "val": 0.4581480592398629,
            "contrast": 0.3193991317921351
          }
        }
      ]
    },
    {
      "role": "master",
      "localStart": 16.288,
      "localEnd": 48.288,
      "sourceStart": 1904.288,
      "sourceEnd": 1936.288,
      "detected": 5,
      "centerMedian": [
        0.59444,
        0.38858
      ],
      "satMean": 0.2964542748230445,
      "valMean": 0.48297060765057404,
      "samples": [
        {
          "local": 21.621,
          "source": 1909.621,
          "ok": true,
          "frameSize": [
            1920,
            1080
          ],
          "face": [
            1019.3,
            290.0,
            244.0,
            244.0
          ],
          "center": [
            0.59444,
            0.38148
          ],
          "method": "profile",
          "color": {
            "meanBgr": [
              93.82884037235584,
              111.60432664445088,
              126.55403325123153
            ],
            "sat": 0.2939947251720161,
            "val": 0.49760651217890806,
            "contrast": 0.3195210872866309
          }
        },
        {
          "local": 26.955,
          "source": 1914.955,
          "ok": true,
          "frameSize": [
            1920,
            1080
          ],
          "face": [
            1013.0,
            304.0,
            240.0,
            240.0
          ],
          "center": [
            0.5901,
            0.39259
          ],
          "method": "profile",
          "color": {
            "meanBgr": [
              88.66749606387765,
              105.56464612385665,
              120.34746588693957
            ],
            "sat": 0.29764262655129525,
            "val": 0.4732647617451539,
            "contrast": 0.3167329497823642
          }
        },
        {
          "local": 32.288,
          "source": 1920.288,
          "ok": true,
          "frameSize": [
            1920,
            1080
          ],
          "face": [
            1002.0,
            311.3,
            231.3,
            231.3
          ],
          "center": [
            0.58212,
            0.39537
          ],
          "method": "profile",
          "color": {
            "meanBgr": [
              84.59702176980447,
              100.47220318484176,
              114.95574480951421
            ],
            "sat": 0.3036810652501275,
            "val": 0.4521291564398386,
            "contrast": 0.3158054778190019
          }
        },
        {
          "local": 37.621,
          "source": 1925.621,
          "ok": true,
          "frameSize": [
            1920,
            1080
          ],
          "face": [
            1022.0,
            293.3,
            252.7,
            252.7
          ],
          "center": [
            0.59809,
            0.38858
          ],
          "method": "profile",
          "color": {
            "meanBgr": [
              93.20692190669371,
              111.01729631507776,
              125.71294371196754
            ],
            "sat": 0.290587970144109,
            "val": 0.49431589640589163,
            "contrast": 0.31883067989314834
          }
        },
        {
          "local": 42.955,
          "source": 1930.955,
          "ok": true,
          "frameSize": [
            1920,
            1080
          ],
          "face": [
            1020.7,
            294.7,
            242.7,
            242.7
          ],
          "center": [
            0.59479,
            0.38519
          ],
          "method": "profile",
          "color": {
            "meanBgr": [
              93.25377775128065,
              111.23450720696344,
              126.56061599702825
            ],
            "sat": 0.2963649869976745,
            "val": 0.497536711483078,
            "contrast": 0.31750531354184
          }
        }
      ]
    },
    {
      "role": "camera5",
      "localStart": 48.288,
      "localEnd": 60.0,
      "sourceStart": 810.8779999999999,
      "sourceEnd": 822.5899999999999,
      "detected": 5,
      "centerMedian": [
        0.65816,
        0.43148
      ],
      "satMean": 0.34219558119848115,
      "valMean": 0.4647224867276572,
      "samples": [
        {
          "local": 50.24,
          "source": 812.83,
          "ok": true,