{
  "enabled": true,
  "items": [
    {
      "role": "master",
      "path": "C:\\Users\\yurin\\Desktop\\video_edit\\projects\\engineer-type-demo-interview\\source\\video\\ST7_7550.MP4",
      "reference": true,
      "stats": {
        "brightness": 0.7972039794921875,
        "contrast": 0.23629224975947194,
        "saturation": 0.17737156587488512,
        "backgroundBrightness": 0.8358665915096507,
        "backgroundSaturation": 0.17413361194087013,
        "meanBgr": [
          0.6908307363472732,
          0.7926797545189951,
          0.844015084060968
        ],
        "neutralBgr": [
          0.7094453220741421,
          0.8191609341490501,
          0.8707893401501225
        ],
        "backgroundBgr": [
          0.7279125019148285,
          0.833494873046875,
          0.8815905881395526
        ],
        "samples": 5.0,
        "skinBgr": [
          0.4199935374540441,
          0.5331710635914522,
          0.7196035826439952
        ],
        "skinBrightness": 0.7196035826439952,
        "skinSaturation": 0.41666027592677696,
        "skinSamples": 5.0,
        "skinPixels": 5690.0,
        "skinFaceRoiSamples": 5.0
      },
      "sampleTimelineSeconds": [
        96.756,
        502.71,
        1588.434,
        2354.04,
        2941.17
      ],
      "sampleSourceSeconds": [
        96.756,
        502.71,
        1588.434,
        2354.04,
        2941.17
      ]
    },
    {
      "role": "camera2",
      "path": "C:\\Users\\yurin\\Desktop\\video_edit\\projects\\engineer-type-demo-interview\\source\\video\\0H4A7189.MP4",
      "skipped": "not used in current camera plan"
    },
    {
      "role": "camera3",
      "path": "C:\\Users\\yurin\\Desktop\\video_edit\\projects\\engineer-type-demo-interview\\source\\video\\0H4A7190.MP4",
      "skipped": "not used in current camera plan"
    },
    {
      "role": "camera4",
      "path": "C:\\Users\\yurin\\Desktop\\video_edit\\projects\\engineer-type-demo-interview\\source\\video\\0H4A7192.MP4",
      "stats": {
        "brightness": 0.6689965939989276,
        "contrast": 0.27085189884771105,
        "saturation": 0.2647246955422794,
        "backgroundBrightness": 0.7410663918887868,
        "backgroundSaturation": 0.16056521845798866,
        "meanBgr": [
          0.5426871864468443,
          0.6541337076822916,
          0.7350356517118566
        ],
        "neutralBgr": [
          0.6427236399931067,
          0.7703810747931985,
          0.8488701435163909
        ],
        "backgroundBgr": [
          0.6596474681181066,
          0.7362179625268076,
          0.7848249607460172
        ],
        "samples": 5.0,
        "skinBgr": [
          0.4163159688313802,
          0.5339645834530101,
          0.724940460803462
        ],
        "skinBrightness": 0.724940460803462,
        "skinSaturation": 0.41974790984509036,
        "skinSamples": 4.0,
        "skinPixels": 9574.0,
        "skinFaceRoiSamples": 4.0
      },
      "referenceStats": {
        "brightness": 0.7990840896905638,
        "contrast": 0.23393586191368443,
        "saturation": 0.1759870790967754,
        "backgroundBrightness": 0.8359640084060969,
        "backgroundSaturation": 0.17420350617053462,
        "meanBgr": [
          0.6927550910500919,
          0.7949779794730392,
          0.846826171875
        ],
        "neutralBgr": [
          0.7091959755093443,
          0.8185897288602941,
          0.8706099925321691
        ],
        "backgroundBgr": [
          0.7280515064912685,
          0.8335636871936275,
          0.8818640735102635
        ],
        "samples": 5.0,
        "skinBgr": [
          0.415413345636106,
          0.5313987342984069,
          0.7162170888863357
        ],
        "skinBrightness": 0.7162170888863357,
        "skinSaturation": 0.4223365215226716,
        "skinSamples": 5.0,
        "skinPixels": 5770.0,
        "skinFaceRoiSamples": 5.0
      },
      "sampleTimelineSeconds": [
        149.27,
        321.356,
        525.8,
        716.346,
        1111.698
      ],
      "sampleSourceSeconds": [
        152.22,
        324.306,
        528.75,
        719.296,
        1114.648
      ],
      "referenceSourceSeconds": [
        149.27,
        321.356,
        525.8,
        716.346,
        1111.698
      ],
      "redGain": 1.1025,
      "greenGain": 1.11778,
      "blueGain": 1.10393,
      "temperatureMatch": {
        "enabled": true,
        "targetRb": 1.21447,
        "itemRb": 1.21542,
        "ratio": 0.99922,
        "redMultiplier": 0.99974,
        "blueMultiplier": 1.00026
      },
      "brightness": 0.0378,
      "brightnessComponents": {
        "skinDelta": -0.00872,
        "globalDelta": 0.13009,
        "backgroundDelta": 0.0949,
        "weightedDelta": 0.09001
      },
      "contrast": 0.8637,
      "saturation": 0.84,
      "saturationComponents": {
        "masterWeighted": 0.2124,
        "itemWeighted": 0.25673,
        "masterSkin": 0.42234,
        "itemSkin": 0.41975,
        "masterBackground": 0.1742,
        "itemBackground": 0.16057,
        "masterGlobal": 0.17599,
        "itemGlobal": 0.26472
      },
      "colorMatchBasis": "skin+global+background",
      "filter": "colorchannelmixer=rr=1.10250:gg=1.11778:bb=1.10393,eq=brightness=0.0378:contrast=0.8637:saturation=0.8400"
    },
    {
      "role": "camera5",
      "path": "C:\\Users\\yurin\\Desktop\\video_edit\\projects\\engineer-type-demo-interview\\source\\video\\0H4A7193.MP4",
      "stats": {
        "brightness": 0.6635483326631434,
        "contrast": 0.2734109947687619,
        "saturation": 0.26653207217945774,
        "backgroundBrightness": 0.7565544936236213,
        "backgroundSaturation": 0.2221710085401348,
        "meanBgr": [
          0.5385336961933211,
          0.6528627522786459,
          0.7357486620136335
        ],
        "neutralBgr": [
          0.6425952268114277,
          0.7721220487706801,
          0.8508056760301776
        ],
        "backgroundBgr": [
          0.6345531149471507,
          0.7500916365081188,
          0.8190225159888174
        ],
        "samples": 5.0,
        "skinBgr": [
          0.40859023150275736,
          0.5279210827397366,
          0.722156982421875
        ],
        "skinBrightness": 0.722156982421875,
        "skinSaturation": 0.4293699496400123,
        "skinSamples": 5.0,
        "skinPixels": 12916.0,
        "skinFaceRoiSamples": 5.0
      },
      "referenceStats": {
        "brightness": 0.7986150764016544,
        "contrast": 0.2352516787885476,
        "saturation": 0.17539098403033088,
        "backgroundBrightness": 0.8360572605507046,
        "backgroundSaturation": 0.17406352922028184,
        "meanBgr": [
          0.6930443617876838,
          0.7941711186427696,
          0.8456421736174938
        ],
        "neutralBgr": [
          0.709883327110141,
          0.8196477673100491,
          0.8712407130821079
        ],
        "backgroundBgr": [
          0.727919802198223,
          0.8337365363625919,
          0.8818790450750612
        ],
        "samples": 5.0,
        "skinBgr": [
          0.40791674445657167,
          0.5207847445618873,
          0.7062991392846201
        ],
        "skinBrightness": 0.7062991392846201,
        "skinSaturation": 0.4225239533069087,
        "skinSamples": 5.0,
        "skinPixels": 5649.0,
        "skinFaceRoiSamples": 5.0
      },
      "sampleTimelineSeconds": [
        1550.866,
        1788.735,
        2078.148,
        2516.023,
        2893.63
      ],
      "sampleSourceSeconds": [
        425.456,
        663.325,
        952.738,
        1390.613,
        1768.22
      ],
      "referenceSourceSeconds": [
        1550.866,
        1788.735,
        2078.148,
        2516.023,
        2893.63
      ],
      "redGain": 1.04326,
      "greenGain": 1.10129,
      "blueGain": 1.16,
      "temperatureMatch": {
        "enabled": true,
        "targetRb": 1.2146,
        "itemRb": 1.29744,
        "ratio": 0.93616,