{
  "enabled": true,
  "items": [
    {
      "role": "master",
      "path": "C:\\Users\\yurin\\Desktop\\video_edit\\projects\\engineer-type-demo-interview\\source\\video\\ST7_7550.MP4",
      "reference": true,
      "stats": {
        "brightness": 0.797785728304994,
        "contrast": 0.23538816459494347,
        "saturation": 0.1756808890548407,
        "backgroundBrightness": 0.8361046645220588,
        "backgroundSaturation": 0.1741758249320236,
        "meanBgr": [
          0.6925349456188725,
          0.7935694556142769,
          0.8449633908739276
        ],
        "neutralBgr": [
          0.7095823519837622,
          0.8195301011029411,
          0.8711757884306067
        ],
        "backgroundBgr": [
          0.7281424249387255,
          0.8338848637599572,
          0.8818094649969362
        ],
        "samples": 5.0,
        "skinBgr": [
          0.4068900732900582,
          0.5199171657188266,
          0.7074356497970282
        ],
        "skinBrightness": 0.7074356497970282,
        "skinSaturation": 0.42635930080039824,
        "skinSamples": 5.0,
        "skinPixels": 5640.0,
        "skinFaceRoiSamples": 5.0
      },
      "sampleTimelineSeconds": [
        96.206,
        616.156,
        1548.788,
        2175.804,
        2943.004
      ],
      "sampleSourceSeconds": [
        96.206,
        616.156,
        1548.788,
        2175.804,
        2943.004
      ]
    },
    {
      "role": "camera2",
      "path": "C:\\Users\\yurin\\Desktop\\video_edit\\projects\\engineer-type-demo-interview\\source\\video\\0H4A7189.MP4",
      "skipped": "not used in current camera plan"
    },
    {
      "role": "camera3",
      "path": "C:\\Users\\yurin\\Desktop\\video_edit\\projects\\engineer-type-demo-interview\\source\\video\\0H4A7190.MP4",
      "stats": {
        "brightness": 0.7399958591835172,
        "contrast": 0.2866380914915215,
        "saturation": 0.22523090138154872,
        "backgroundBrightness": 0.8797760009765625,
        "backgroundSaturation": 0.17335474350873162,
        "meanBgr": [
          0.6224687164905025,
          0.7296435187844669,
          0.8005281336167279
        ],
        "neutralBgr": [
          0.7334463082107843,
          0.8515132530062807,
          0.9110754274854473
        ],
        "backgroundBgr": [
          0.7659490248736214,
          0.878042423023897,
          0.9262320125804228
        ],
        "samples": 1.0,
        "skinBgr": [
          0.5383127848307292,
          0.6755285524854473,
          0.8390614229090073
        ],
        "skinBrightness": 0.8390614229090073,
        "skinSaturation": 0.35215687471277574,
        "skinSamples": 1.0,
        "skinPixels": 4249.0,
        "skinFaceRoiSamples": 1.0
      },
      "referenceStats": {
        "brightness": 0.7989893296185662,
        "contrast": 0.23640129371930116,
        "saturation": 0.17738569671032475,
        "backgroundBrightness": 0.8363217821308211,
        "backgroundSaturation": 0.17390132230870864,
        "meanBgr": [
          0.6925517961090686,
          0.7946910783356311,
          0.8458356071920956
        ],
        "neutralBgr": [
          0.7101651659198835,
          0.8200584262025122,
          0.8717452703737745
        ],
        "backgroundBgr": [
          0.7289036171109069,
          0.8339403339460785,
          0.8821818632238051
        ],
        "samples": 1.0,
        "skinBgr": [
          0.395077454810049,
          0.505828857421875,
          0.6978300206801471
        ],
        "skinBrightness": 0.6978300206801471,
        "skinSaturation": 0.435191255457261,
        "skinSamples": 1.0,
        "skinPixels": 1131.0,
        "skinFaceRoiSamples": 1.0
      },
      "sampleTimelineSeconds": [
        1259.27
      ],
      "sampleSourceSeconds": [
        327.7
      ],
      "referenceSourceSeconds": [
        1259.27
      ],
      "redGain": 0.95281,
      "greenGain": 0.95237,
      "blueGain": 0.95535,
      "temperatureMatch": {
        "enabled": true,
        "targetRb": 1.21366,
        "itemRb": 1.21562,
        "ratio": 0.99839,
        "redMultiplier": 0.99948,
        "blueMultiplier": 1.00052
      },
      "brightness": -0.0071,
      "brightnessComponents": {
        "skinDelta": -0.14123,
        "globalDelta": 0.05899,
        "backgroundDelta": -0.04345,
        "weightedDelta": -0.01691
      },
      "contrast": 0.84,
      "saturation": 0.94012,
      "saturationComponents": {
        "masterWeighted": 0.21501,
        "itemWeighted": 0.22871,
        "masterSkin": 0.43519,
        "itemSkin": 0.35216,
        "masterBackground": 0.1739,
        "itemBackground": 0.17335,
        "masterGlobal": 0.17739,
        "itemGlobal": 0.22523
      },
      "colorMatchBasis": "skin+global+background",
      "filter": "colorchannelmixer=rr=0.95281:gg=0.95237:bb=0.95535,eq=brightness=-0.0071:contrast=0.8400:saturation=0.9401"
    },
    {
      "role": "camera4",
      "path": "C:\\Users\\yurin\\Desktop\\video_edit\\projects\\engineer-type-demo-interview\\source\\video\\0H4A7192.MP4",
      "stats": {
        "brightness": 0.6680209171070772,
        "contrast": 0.2701188288946906,
        "saturation": 0.2640322816138174,
        "backgroundBrightness": 0.7642546889361214,
        "backgroundSaturation": 0.1544423870011872,
        "meanBgr": [
          0.5449130308861826,
          0.6572780235140931,
          0.7382443416819853
        ],
        "neutralBgr": [
          0.6435031187768077,
          0.7712524174708946,
          0.8496331667432597
        ],
        "backgroundBgr": [
          0.6799819407743566,
          0.7598006065219056,
          0.8088105803844975
        ],
        "samples": 5.0,
        "skinBgr": [
          0.40621996112898284,
          0.5253730684168199,
          0.7209660907820159
        ],
        "skinBrightness": 0.7209660907820159,
        "skinSaturation": 0.43009024825750614,
        "skinSamples": 5.0,
        "skinPixels": 12317.0,
        "skinFaceRoiSamples": 5.0
      },
      "referenceStats": {
        "brightness": 0.7999834965724572,
        "contrast": 0.23366394116483558,
        "saturation": 0.17763948627546722,
        "backgroundBrightness": 0.8365198591643688,
        "backgroundSaturation": 0.1740543141084559,
        "meanBgr": [
          0.6943868958716299,
          0.7953411745557598,
          0.8470886948529411
        ],
        "neutralBgr": [
          0.710113800647212,
          0.8194217337814031,
          0.8712633678959865
        ],
        "backgroundBgr": [
          0.7292706777535234,
          0.8341355746400122,
          0.8823603731043198
        ],
        "samples": 5.0,
        "skinBgr": [
          0.4089173201018689,
          0.5260605636297487,
          0.7109851792279411
        ],
        "skinBrightness": 0.7109851792279411,
        "skinSaturation": 0.42486766142003674,
        "skinSamples": 5.0,
        "skinPixels": 5867.0,
        "skinFaceRoiSamples": 5.0
      },
      "sampleTimelineSeconds": [
        148.61,
        409.305,
        586.346,
        715.644,
        1116.08
      ],
      "sampleSourceSeconds": [
        151.56,
        412.255,
        589.296,
        718.594,
        1119.03
      ],
      "referenceSourceSeconds": [
        148.61,
        409.305,
        586.346,
        715.644,
        1116.08
      ],
      "redGain": 1.07696,
      "greenGain": 1.09067,
      "blueGain": 1.07878,
      "temperatureMatch": {
        "enabled": true,
        "targetRb": 1.21325,
        "itemRb": 1.2145,
        "ratio": 0.99898,
        "redMultiplier": 0.99967,
        "blueMultiplier": 1.00033
      },
      "brightness": 0.03473,
      "brightnessComponents": {
        "skinDelta": -0.00998,
        "globalDelta": 0.13196,
        "backgroundDelta": 0.07227,
        "weightedDelta": 0.08268
      },
      "contrast": 0.86504,
      "saturation": 0.84,
      "saturationComponents": {
        "masterWeighted": 0.21365,