{
  "enabled": true,
  "items": [
    {
      "role": "master",
      "path": "C:\\Users\\yurin\\Desktop\\video_edit\\projects\\engineer-type-demo-interview\\source\\video\\ST7_7550.MP4",
      "reference": true,
      "stats": {
        "brightness": 0.7983926212086396,
        "contrast": 0.23497711939219212,
        "saturation": 0.17567126704197306,
        "backgroundBrightness": 0.8362513164445465,
        "backgroundSaturation": 0.17409601548138787,
        "meanBgr": [
          0.6927069091796876,
          0.7938569551355699,
          0.8458304012522978
        ],
        "neutralBgr": [
          0.7098925661573223,
          0.8195220588235295,
          0.8711769253599877
        ],
        "backgroundBgr": [
          0.7281999415977328,
          0.8338573740042893,
          0.881833926930147
        ],
        "samples": 5.0,
        "skinBgr": [
          0.41744403315525425,
          0.5302773988013174,
          0.7168449252259498
        ],
        "skinBrightness": 0.7168449252259498,
        "skinSaturation": 0.416268430223652,
        "skinSamples": 5.0,
        "skinPixels": 5562.0,
        "skinFaceRoiSamples": 5.0
      },
      "sampleTimelineSeconds": [
        96.756,
        618.878,
        1197.228,
        2036.94,
        2944.372
      ],
      "sampleSourceSeconds": [
        96.756,
        618.878,
        1197.228,
        2036.94,
        2944.372
      ]
    },
    {
      "role": "camera2",
      "path": "C:\\Users\\yurin\\Desktop\\video_edit\\projects\\engineer-type-demo-interview\\source\\video\\0H4A7189.MP4",
      "skipped": "not used in current camera plan"
    },
    {
      "role": "camera3",
      "path": "C:\\Users\\yurin\\Desktop\\video_edit\\projects\\engineer-type-demo-interview\\source\\video\\0H4A7190.MP4",
      "skipped": "not used in current camera plan"
    },
    {
      "role": "camera4",
      "path": "C:\\Users\\yurin\\Desktop\\video_edit\\projects\\engineer-type-demo-interview\\source\\video\\0H4A7192.MP4",
      "stats": {
        "brightness": 0.6704152305453431,
        "contrast": 0.26950942621050916,
        "saturation": 0.26392296286190253,
        "backgroundBrightness": 0.7747203273399204,
        "backgroundSaturation": 0.17421544243307674,
        "meanBgr": [
          0.5453234145220588,
          0.657978515625,
          0.7376016055836396
        ],
        "neutralBgr": [
          0.6434992412492341,
          0.7716226256127451,
          0.8496894626991421
        ],
        "backgroundBgr": [
          0.6791150022020527,
          0.7709090169270834,
          0.8273645617915134
        ],
        "samples": 5.0,
        "skinBgr": [
          0.4122178440467984,
          0.533018128638174,
          0.7255703914866729
        ],
        "skinBrightness": 0.7255703914866729,
        "skinSaturation": 0.42653927672143077,
        "skinSamples": 5.0,
        "skinPixels": 13915.0,
        "skinFaceRoiSamples": 5.0
      },
      "referenceStats": {
        "brightness": 0.8001156197342219,
        "contrast": 0.23339762056950963,
        "saturation": 0.1758503334195006,
        "backgroundBrightness": 0.8364960554534313,
        "backgroundSaturation": 0.1740898401596967,
        "meanBgr": [
          0.6940871175130209,
          0.7961040422028186,
          0.8474969961128982
        ],
        "neutralBgr": [
          0.7100047990387561,
          0.8195946427887562,
          0.8714926805683211
        ],
        "backgroundBgr": [
          0.7290247300091911,
          0.8341296985102634,
          0.8823305855545343
        ],
        "samples": 5.0,
        "skinBgr": [
          0.4106564450731464,
          0.5272336832682292,
          0.7135650874119179
        ],
        "skinBrightness": 0.7135650874119179,
        "skinSaturation": 0.4247327318378523,
        "skinSamples": 5.0,
        "skinPixels": 6064.0,
        "skinFaceRoiSamples": 5.0
      },
      "sampleTimelineSeconds": [
        149.27,
        444.21,
        604.77,
        946.985,
        1116.234
      ],
      "sampleSourceSeconds": [
        152.22,
        447.16,
        607.72,
        949.935,
        1119.184
      ],
      "referenceSourceSeconds": [
        149.27,
        444.21,
        604.77,
        946.985,
        1116.234
      ],
      "redGain": 1.05133,
      "greenGain": 1.07804,
      "blueGain": 1.08616,
      "temperatureMatch": {
        "enabled": true,
        "targetRb": 1.21365,
        "itemRb": 1.23786,
        "ratio": 0.98044,
        "redMultiplier": 0.9936,
        "blueMultiplier": 1.00644
      },
      "brightness": 0.03259,
      "brightnessComponents": {
        "skinDelta": -0.01201,
        "globalDelta": 0.1297,
        "backgroundDelta": 0.06178,
        "weightedDelta": 0.07759
      },
      "contrast": 0.86601,
      "saturation": 0.84,
      "saturationComponents": {
        "masterWeighted": 0.21265,
        "itemWeighted": 0.2614,
        "masterSkin": 0.42473,
        "itemSkin": 0.42654,
        "masterBackground": 0.17409,
        "itemBackground": 0.17422,
        "masterGlobal": 0.17585,
        "itemGlobal": 0.26392
      },
      "colorMatchBasis": "skin+global+background",
      "filter": "colorchannelmixer=rr=1.05133:gg=1.07804:bb=1.08616,eq=brightness=0.0326:contrast=0.8660:saturation=0.8400"
    },
    {
      "role": "camera5",
      "path": "C:\\Users\\yurin\\Desktop\\video_edit\\projects\\engineer-type-demo-interview\\source\\video\\0H4A7193.MP4",
      "stats": {
        "brightness": 0.6622963340609681,
        "contrast": 0.27509916456817857,
        "saturation": 0.26624196968826597,
        "backgroundBrightness": 0.7551180611404718,
        "backgroundSaturation": 0.22581457998238358,
        "meanBgr": [
          0.5377635641659008,
          0.6509280215992648,
          0.7318384387446384
        ],
        "neutralBgr": [
          0.6428159466911765,
          0.7720580097273284,
          0.8507957308900123
        ],
        "backgroundBgr": [
          0.6331391338273591,
          0.7488524911917892,
          0.8192413210401348
        ],
        "samples": 5.0,
        "skinBgr": [
          0.40898770799823836,
          0.5261120485791972,
          0.7230713608685662
        ],
        "skinBrightness": 0.7230713608685662,
        "skinSaturation": 0.42890394622204353,
        "skinSamples": 5.0,
        "skinPixels": 11642.0,
        "skinFaceRoiSamples": 5.0
      },
      "referenceStats": {
        "brightness": 0.7982219142539828,
        "contrast": 0.23595145406332177,
        "saturation": 0.17732188505284927,
        "backgroundBrightness": 0.8360751761642156,
        "backgroundSaturation": 0.17406128528071385,
        "meanBgr": [
          0.6926153444776348,
          0.7938149007161458,
          0.8450718419692095
        ],
        "neutralBgr": [
          0.7098596430759804,
          0.8198245418772977,
          0.8713205494600184
        ],
        "backgroundBgr": [
          0.7279366407207414,
          0.8337493657130821,
          0.8817640476600797
        ],
        "samples": 5.0,
        "skinBgr": [
          0.41037661683325677,
          0.5218785304649204,
          0.70752456964231
        ],
        "skinBrightness": 0.70752456964231,
        "skinSaturation": 0.4206159763710172,
        "skinSamples": 5.0,
        "skinPixels": 5646.0,
        "skinFaceRoiSamples": 5.0
      },
      "sampleTimelineSeconds": [
        1561.402,
        1776.872,
        2062.789,
        2531.067,
        2908.666
      ],
      "sampleSourceSeconds": [
        435.992,
        651.462,
        937.379,
        1405.657,
        1783.256
      ],
      "referenceSourceSeconds": [
        1561.402,
        1776.872,
        2062.789,
        2531.067,
        2908.666
      ],
      "redGain": 1.04227,
      "greenGain": 1.10282,
      "blueGain": 1.16,
      "temperatureMatch": {
        "enabled": true,
        "targetRb": 1.21448,
        "itemRb": 1.29993,