{
  "enabled": true,
  "items": [
    {
      "role": "master",
      "path": "C:\\Users\\yurin\\Desktop\\video_edit\\projects\\engineer-type-demo-interview\\source\\video\\ST7_7550.MP4",
      "reference": true,
      "stats": {
        "brightness": 0.7987292001761642,
        "contrast": 0.2347272769376298,
        "saturation": 0.1775145078172871,
        "backgroundBrightness": 0.8362400189568013,
        "backgroundSaturation": 0.17408689311906406,
        "meanBgr": [
          0.6925455848843444,
          0.7941681626263787,
          0.8460146675857843
        ],
        "neutralBgr": [
          0.7098725562002144,
          0.8194893750957414,
          0.8710331217447917
        ],
        "backgroundBgr": [
          0.7283632644952511,
          0.8338750861672795,
          0.8819284117455576
        ],
        "samples": 5.0,
        "skinBgr": [
          0.4122742836148131,
          0.5277251479204963,
          0.713992764342065
        ],
        "skinBrightness": 0.713992764342065,
        "skinSaturation": 0.42256028717639393,
        "skinSamples": 5.0,
        "skinPixels": 5515.0,
        "skinFaceRoiSamples": 5.0
      },
      "sampleTimelineSeconds": [
        96.756,
        541.03,
        1537.276,
        2125.06,
        2941.17
      ],
      "sampleSourceSeconds": [
        96.756,
        541.03,
        1537.276,
        2125.06,
        2941.17
      ]
    },
    {
      "role": "camera2",
      "path": "C:\\Users\\yurin\\Desktop\\video_edit\\projects\\engineer-type-demo-interview\\source\\video\\0H4A7189.MP4",
      "skipped": "not used in current camera plan"
    },
    {
      "role": "camera3",
      "path": "C:\\Users\\yurin\\Desktop\\video_edit\\projects\\engineer-type-demo-interview\\source\\video\\0H4A7190.MP4",
      "skipped": "not used in current camera plan"
    },
    {
      "role": "camera4",
      "path": "C:\\Users\\yurin\\Desktop\\video_edit\\projects\\engineer-type-demo-interview\\source\\video\\0H4A7192.MP4",
      "stats": {
        "brightness": 0.6688993566176471,
        "contrast": 0.2700257411799622,
        "saturation": 0.2645392085056679,
        "backgroundBrightness": 0.7527166628370099,
        "backgroundSaturation": 0.15886156568340226,
        "meanBgr": [
          0.5434857776118259,
          0.6559885660807292,
          0.7363825300628063
        ],
        "neutralBgr": [
          0.6427060834099265,
          0.770359592811734,
          0.8488691861021753
        ],
        "backgroundBgr": [
          0.6697372975068934,
          0.747308744542739,
          0.7966032619102329
        ],
        "samples": 5.0,
        "skinBgr": [
          0.40602443919462317,
          0.5247173907710057,
          0.718495641970167
        ],
        "skinBrightness": 0.718495641970167,
        "skinSaturation": 0.43018108442717906,
        "skinSamples": 4.0,
        "skinPixels": 10605.0,
        "skinFaceRoiSamples": 4.0
      },
      "referenceStats": {
        "brightness": 0.7992932248583028,
        "contrast": 0.23372490576819188,
        "saturation": 0.17598593319163602,
        "backgroundBrightness": 0.8359720506855085,
        "backgroundSaturation": 0.17419424617991727,
        "meanBgr": [
          0.692656214096967,
          0.7951330925436582,
          0.8470383947035846
        ],
        "neutralBgr": [
          0.7091855995327818,
          0.8185902075674021,
          0.870606019263174
        ],
        "backgroundBgr": [
          0.7282255045572917,
          0.8335749009076286,
          0.881861727845435
        ],
        "samples": 5.0,
        "skinBgr": [
          0.4114079733455882,
          0.5281997860179228,
          0.7125546444163603
        ],
        "skinBrightness": 0.7125546444163603,
        "skinSaturation": 0.4245757577933517,
        "skinSamples": 5.0,
        "skinPixels": 5993.0,
        "skinFaceRoiSamples": 5.0
      },
      "sampleTimelineSeconds": [
        149.27,
        321.356,
        527.335,
        716.346,
        1111.698
      ],
      "sampleSourceSeconds": [
        152.22,
        324.306,
        530.285,
        719.296,
        1114.648
      ],
      "referenceSourceSeconds": [
        149.27,
        321.356,
        527.335,
        716.346,
        1111.698
      ],
      "redGain": 1.08972,
      "greenGain": 1.10461,
      "blueGain": 1.09062,
      "temperatureMatch": {
        "enabled": true,
        "targetRb": 1.21423,
        "itemRb": 1.21484,
        "ratio": 0.9995,
        "redMultiplier": 0.99984,
        "blueMultiplier": 1.00016
      },
      "brightness": 0.03638,
      "brightnessComponents": {
        "skinDelta": -0.00594,
        "globalDelta": 0.13039,
        "backgroundDelta": 0.08326,
        "weightedDelta": 0.08663
      },
      "contrast": 0.86557,
      "saturation": 0.84,
      "saturationComponents": {
        "masterWeighted": 0.21274,
        "itemWeighted": 0.25768,
        "masterSkin": 0.42458,
        "itemSkin": 0.43018,
        "masterBackground": 0.17419,
        "itemBackground": 0.15886,
        "masterGlobal": 0.17599,
        "itemGlobal": 0.26454
      },
      "colorMatchBasis": "skin+global+background",
      "filter": "colorchannelmixer=rr=1.08972:gg=1.10461:bb=1.09062,eq=brightness=0.0364:contrast=0.8656:saturation=0.8400"
    },
    {
      "role": "camera5",
      "path": "C:\\Users\\yurin\\Desktop\\video_edit\\projects\\engineer-type-demo-interview\\source\\video\\0H4A7193.MP4",
      "stats": {
        "brightness": 0.6599065085018383,
        "contrast": 0.2765937437849393,
        "saturation": 0.2666432758406097,
        "backgroundBrightness": 0.7217552035462622,
        "backgroundSaturation": 0.2059342866785386,
        "meanBgr": [
          0.5357376517501532,
          0.6476845535577512,
          0.7298721373314951
        ],
        "neutralBgr": [
          0.6422166053921569,
          0.7719580556832109,
          0.8507569197112439
        ],
        "backgroundBgr": [
          0.615379794251685,
          0.7182134770412072,
          0.7789084281173407
        ],
        "samples": 5.0,
        "skinBgr": [
          0.4111480488496668,
          0.5272197798186657,
          0.7219652512494256
        ],
        "skinBrightness": 0.7219652512494256,
        "skinSaturation": 0.42651871325922946,
        "skinSamples": 4.0,
        "skinPixels": 9599.0,
        "skinFaceRoiSamples": 4.0
      },
      "referenceStats": {
        "brightness": 0.7973372874540441,
        "contrast": 0.23697039703644793,
        "saturation": 0.17550196030560664,
        "backgroundBrightness": 0.836103790881587,
        "backgroundSaturation": 0.17408078661151963,
        "meanBgr": [
          0.6906650677849264,
          0.7928566607306985,
          0.843830327052696
        ],
        "neutralBgr": [
          0.709605042700674,
          0.81949494006587,
          0.8712857354856005
        ],
        "backgroundBgr": [
          0.7279502120672487,
          0.8337705006318934,
          0.8818141563265931
        ],
        "samples": 5.0,
        "skinBgr": [
          0.4161356533274931,
          0.5271111432243796,
          0.7132256302179074
        ],
        "skinBrightness": 0.7132256302179074,
        "skinSaturation": 0.41570489920821846,
        "skinSamples": 4.0,
        "skinPixels": 4551.0,
        "skinFaceRoiSamples": 4.0
      },
      "sampleTimelineSeconds": [
        1455.368,
        1688.202,
        2051.79,
        2452.816,
        2893.63
      ],
      "sampleSourceSeconds": [
        329.958,
        562.792,
        926.38,
        1327.406,
        1768.22
      ],
      "referenceSourceSeconds": [
        1455.368,
        1688.202,
        2051.79,
        2452.816,
        2893.63
      ],
      "redGain": 1.09078,
      "greenGain": 1.13986,
      "blueGain": 1.15899,
      "temperatureMatch": {
        "enabled": true,
        "targetRb": 1.2146,
        "itemRb": 1.27794,